CraneNO,OrderNO,RecTime,CurX,CurY,CurZ,
crane1-1,-1,0.0,60000.0,3000.0,6000.0,
crane1-1,4,1.0,55500.0,3200.0,5900.0,
crane1-1,4,2.0,57000.0,3400.0,5800.0,
crane1-1,4,3.0,58500.0,3600.0,5700.0,
crane1-1,4,4.0,60000.0,3800.0,5600.0,
crane1-1,4,5.0,61500.0,4000.0,5500.0,
crane1-1,4,6.0,63000.0,4200.0,5400.0,
crane1-1,4,7.0,64500.0,4400.0,5300.0,
crane1-1,4,8.0,66000.0,4600.0,5200.0,
crane1-1,4,9.0,67500.0,4800.0,5100.0,
crane1-1,4,10.0,69000.0,5000.0,5000.0,
crane1-1,4,11.0,70500.0,5200.0,4900.0,
crane1-1,4,12.0,72000.0,5400.0,4800.0,
crane1-1,4,13.0,73500.0,5600.0,4700.0,
crane1-1,4,14.0,75000.0,5800.0,4600.0,
crane1-1,4,15.0,76500.0,6000.0,4500.0,
crane1-1,4,16.0,78000.0,6200.0,4400.0,
crane1-1,4,17.0,79500.0,6400.0,4300.0,
crane1-1,4,18.0,81000.0,6600.0,4200.0,
crane1-1,4,19.0,82500.0,6800.0,4100.0,
crane1-1,4,20.0,84000.0,7000.0,4000.0,
crane1-1,4,21.0,85500.0,7200.0,3900.0,
crane1-1,4,22.0,87000.0,7400.0,3800.0,
crane1-1,4,23.0,88500.0,7600.0,3700.0,
crane1-1,4,24.0,90000.0,7800.0,3600.0,
crane1-1,4,25.0,91500.0,8000.0,3500.0,
crane1-1,4,26.0,93000.0,8200.0,3400.0,
crane1-1,4,27.0,94500.0,8400.0,3300.0,
crane1-1,4,28.0,96000.0,8600.0,3200.0,
crane1-1,4,29.0,97500.0,8800.0,3100.0,
crane1-1,4,30.0,99000.0,9000.0,3000.0,
crane1-1,4,31.0,100500.0,9200.0,2900.0,
crane1-1,4,32.0,102000.0,9400.0,2800.0,
crane1-1,4,33.0,103500.0,9600.0,2700.0,
crane1-1,4,34.0,105000.0,9800.0,2600.0,
crane1-1,4,35.0,106500.0,10000.0,2500.0,
crane1-1,4,36.0,108000.0,10200.0,2400.0,
crane1-1,4,37.0,109500.0,10400.0,2300.0,
crane1-1,4,38.0,111000.0,10600.0,2200.0,
crane1-1,4,39.0,112500.0,10800.0,2100.0,
crane1-1,4,40.0,114000.0,11000.0,2000.0,
crane1-1,4,41.0,115500.0,11200.0,1900.0,
crane1-1,4,42.0,117000.0,11400.0,1800.0,
crane1-1,4,43.0,118500.0,11600.0,1700.0,
crane1-1,4,44.0,120000.0,11622.0,1600.0,
crane1-1,4,45.0,121500.0,11622.0,1500.0,
crane1-1,4,46.0,123000.0,11622.0,1400.0,
crane1-1,4,47.0,124500.0,11622.0,1300.0,
crane1-1,4,48.0,126000.0,11622.0,1200.0,
crane1-1,4,49.0,127500.0,11622.0,1100.0,
crane1-1,4,50.0,129000.0,11622.0,1000.0,
crane1-1,4,51.0,130500.0,11622.0,1000.0,
crane1-1,4,52.0,132000.0,11622.0,1000.0,
crane1-1,4,53.0,133500.0,11622.0,1000.0,
crane1-1,4,54.0,135000.0,11622.0,1000.0,
crane1-1,4,55.0,136500.0,11622.0,1000.0,
crane1-1,4,56.0,138000.0,11622.0,1000.0,
crane1-1,4,57.0,139500.0,11622.0,1000.0,
crane1-1,4,58.0,141000.0,11622.0,1000.0,
crane1-1,4,59.0,142500.0,11622.0,1000.0,
crane1-1,4,60.0,144000.0,11622.0,1000.0,
crane1-1,4,61.0,145500.0,11622.0,1000.0,
crane1-1,4,62.0,147000.0,11622.0,1000.0,
crane1-1,4,63.0,148500.0,11622.0,1000.0,
crane1-1,4,64.0,150000.0,11622.0,1000.0,
crane1-1,4,65.0,151500.0,11622.0,1000.0,
crane1-1,4,66.0,153000.0,11622.0,1000.0,
crane1-1,4,67.0,154500.0,11622.0,1000.0,
crane1-1,4,68.0,156000.0,11622.0,1000.0,
crane1-1,4,69.0,157500.0,11622.0,1000.0,
crane1-1,4,70.0,159000.0,11622.0,1000.0,
crane1-1,4,71.0,160500.0,11622.0,1000.0,
crane1-1,4,72.0,162000.0,11622.0,1000.0,
crane1-1,4,73.0,163500.0,11622.0,1000.0,
crane1-1,4,74.0,165000.0,11622.0,1000.0,
crane1-1,4,75.0,166500.0,11622.0,1000.0,
crane1-1,4,76.0,168000.0,11622.0,1000.0,
crane1-1,4,77.0,169500.0,11622.0,1000.0,
crane1-1,4,78.0,171000.0,11622.0,1000.0,
crane1-1,4,79.0,172500.0,11622.0,1000.0,
crane1-1,4,80.0,174000.0,11622.0,1000.0,
crane1-1,4,81.0,175500.0,11622.0,1000.0,
crane1-1,4,82.0,177000.0,11622.0,1000.0,
crane1-1,4,83.0,178500.0,11622.0,1000.0,
crane1-1,4,84.0,180000.0,11622.0,1000.0,
crane1-1,4,85.0,181500.0,11622.0,1000.0,
crane1-1,4,86.0,183000.0,11622.0,1000.0,
crane1-1,4,87.0,184500.0,11622.0,1000.0,
crane1-1,4,88.0,186000.0,11622.0,1000.0,
crane1-1,4,89.0,187500.0,11622.0,1000.0,
crane1-1,4,90.0,189000.0,11622.0,1000.0,
crane1-1,4,91.0,190500.0,11622.0,1000.0,
crane1-1,4,92.0,192000.0,11622.0,1000.0,
crane1-1,4,93.0,193500.0,11622.0,1000.0,
crane1-1,4,94.0,195000.0,11622.0,1000.0,
crane1-1,4,95.0,196500.0,11622.0,1000.0,
crane1-1,4,96.0,198000.0,11622.0,1000.0,
crane1-1,4,97.0,199500.0,11622.0,1000.0,
crane1-1,4,98.0,201000.0,11622.0,1000.0,
crane1-1,4,99.0,202500.0,11622.0,1000.0,
crane1-1,4,100.0,204000.0,11622.0,1000.0,
crane1-1,4,101.0,205399.0,11622.0,1000.0,
crane1-1,4,102.0,205399.0,11622.0,1000.0,
crane1-1,4,103.0,205399.0,11622.0,1000.0,
crane1-1,4,104.0,205399.0,11622.0,1000.0,
crane1-1,4,105.0,205399.0,11622.0,1000.0,
crane1-1,4,106.0,205399.0,11622.0,1000.0,
crane1-1,4,107.0,205399.0,11622.0,1000.0,
crane1-1,4,108.0,205399.0,11622.0,1000.0,
crane1-1,4,109.0,205399.0,11622.0,1000.0,
crane1-1,4,110.0,205399.0,11622.0,1000.0,
crane1-1,4,111.0,205399.0,11622.0,1000.0,
crane1-1,4,112.0,205399.0,11622.0,1000.0,
crane1-1,4,113.0,205399.0,11622.0,1000.0,
crane1-1,4,114.0,205399.0,11622.0,1000.0,
crane1-1,4,115.0,205399.0,11622.0,1000.0,
crane1-1,4,116.0,205399.0,11622.0,1000.0,
crane1-1,4,117.0,205399.0,11622.0,1000.0,
crane1-1,4,118.0,205399.0,11622.0,1000.0,
crane1-1,4,119.0,205399.0,11622.0,1000.0,
crane1-1,4,120.0,205399.0,11622.0,1000.0,
crane1-1,4,121.0,205399.0,11622.0,1000.0,
crane1-1,4,122.0,205399.0,11622.0,1000.0,
crane1-1,4,123.0,205399.0,11622.0,1000.0,
crane1-1,4,124.0,205399.0,11622.0,1000.0,
crane1-1,4,125.0,205399.0,11622.0,1000.0,
crane1-1,4,126.0,205399.0,11622.0,1000.0,
crane1-1,4,127.0,205399.0,11622.0,1000.0,
crane1-1,4,128.0,205399.0,11622.0,1000.0,
crane1-1,4,129.0,205399.0,11622.0,1000.0,
crane1-1,4,130.0,205399.0,11622.0,1000.0,
crane1-1,4,131.0,205399.0,11622.0,1000.0,
crane1-1,4,132.0,205399.0,11622.0,1000.0,
crane1-1,4,133.0,205399.0,11622.0,1000.0,
crane1-1,4,134.0,205399.0,11622.0,1000.0,
crane1-1,4,135.0,205399.0,11622.0,1000.0,
crane1-1,4,136.0,205399.0,11622.0,1000.0,
crane1-1,4,137.0,205399.0,11622.0,1000.0,
crane1-1,4,138.0,205399.0,11622.0,1000.0,
crane1-1,4,139.0,205399.0,11622.0,1000.0,
crane1-1,4,140.0,205399.0,11622.0,1000.0,
crane1-1,4,141.0,205399.0,11622.0,1000.0,
crane1-1,4,142.0,205399.0,11622.0,1000.0,
crane1-1,4,143.0,205399.0,11622.0,1000.0,
crane1-1,4,144.0,205399.0,11622.0,1000.0,
crane1-1,4,145.0,205399.0,11622.0,1000.0,
crane1-1,4,146.0,205399.0,11622.0,1000.0,
crane1-1,4,147.0,205399.0,11622.0,1000.0,
crane1-1,4,148.0,205399.0,11622.0,1000.0,
crane1-1,4,149.0,205399.0,11622.0,1000.0,
crane1-1,4,150.0,205399.0,11622.0,1000.0,
crane1-1,4,151.0,205399.0,11622.0,1000.0,
crane1-1,4,152.0,203899.0,11622.0,1000.0,
crane1-1,4,153.0,202399.0,11622.0,1000.0,
crane1-1,4,154.0,200899.0,11622.0,1000.0,
crane1-1,4,155.0,199399.0,11622.0,1000.0,
crane1-1,4,156.0,198399.0,11622.0,1000.0,
crane1-1,4,157.0,198399.0,11622.0,1000.0,
crane1-1,4,158.0,198399.0,11622.0,1000.0,
crane1-1,4,159.0,198399.0,11622.0,1000.0,
crane1-1,4,160.0,198399.0,11622.0,1000.0,
crane1-1,4,161.0,198399.0,11622.0,1000.0,
crane1-1,4,162.0,198399.0,11622.0,1000.0,
crane1-1,4,163.0,198399.0,11622.0,1000.0,
crane1-1,4,164.0,198399.0,11622.0,1000.0,
crane1-1,4,165.0,198399.0,11622.0,1000.0,
crane1-1,4,166.0,198399.0,11622.0,1000.0,
crane1-1,4,167.0,198399.0,11622.0,1000.0,
crane1-1,4,168.0,198399.0,11622.0,1000.0,
crane1-1,4,169.0,198399.0,11622.0,1000.0,
crane1-1,4,170.0,198399.0,11622.0,1000.0,
crane1-1,4,171.0,198399.0,11622.0,1000.0,
crane1-1,4,172.0,198399.0,11622.0,1000.0,
crane1-1,4,173.0,198399.0,11622.0,1000.0,
crane1-1,4,174.0,198399.0,11622.0,1000.0,
crane1-1,4,175.0,198399.0,11622.0,1000.0,
crane1-1,4,176.0,198399.0,11622.0,1000.0,
crane1-1,4,177.0,198399.0,11622.0,1000.0,
crane1-1,4,178.0,198399.0,11622.0,1000.0,
crane1-1,4,179.0,198399.0,11622.0,1000.0,
crane1-1,4,180.0,198399.0,11622.0,1000.0,
crane1-1,4,181.0,198399.0,11622.0,1000.0,
crane1-1,4,182.0,198399.0,11622.0,1000.0,
crane1-1,4,183.0,198399.0,11622.0,1000.0,
crane1-1,4,184.0,198399.0,11622.0,1000.0,
crane1-1,4,185.0,198399.0,11622.0,1000.0,
crane1-1,4,186.0,198399.0,11622.0,1000.0,
crane1-1,4,187.0,198399.0,11622.0,1000.0,
crane1-1,4,188.0,198399.0,11622.0,1000.0,
crane1-1,4,189.0,198399.0,11622.0,1000.0,
crane1-1,4,190.0,198399.0,11622.0,1000.0,
crane1-1,4,191.0,198399.0,11622.0,1000.0,
crane1-1,4,192.0,198399.0,11622.0,1000.0,
crane1-1,4,193.0,198399.0,11622.0,1000.0,
crane1-1,4,194.0,198399.0,11622.0,1000.0,
crane1-1,4,195.0,198399.0,11622.0,1000.0,
crane1-1,4,196.0,198399.0,11622.0,1000.0,
crane1-1,4,197.0,198399.0,11622.0,1000.0,
crane1-1,4,198.0,198399.0,11622.0,1000.0,
crane1-1,4,199.0,198399.0,11622.0,1000.0,
crane1-1,4,200.0,198399.0,11622.0,1000.0,
crane1-1,4,201.0,198399.0,11622.0,1000.0,
crane1-1,4,202.0,198399.0,11622.0,1000.0,
crane1-1,4,203.0,198399.0,11622.0,1000.0,
crane1-1,4,204.0,198399.0,11622.0,1000.0,
crane1-1,4,205.0,198399.0,11622.0,1000.0,
crane1-1,4,206.0,198399.0,11622.0,1000.0,
crane1-1,4,207.0,199899.0,11622.0,1000.0,
crane1-1,4,208.0,201399.0,11622.0,1000.0,
crane1-1,4,209.0,202899.0,11622.0,1000.0,
crane1-1,4,210.0,204399.0,11622.0,1000.0,
crane1-1,4,211.0,205899.0,11622.0,1000.0,
crane1-1,4,212.0,207399.0,11622.0,1000.0,
crane1-1,4,213.0,208899.0,11622.0,1000.0,
crane1-1,4,214.0,210399.0,11622.0,1000.0,
crane1-1,4,215.0,211899.0,11622.0,1000.0,
crane1-1,4,216.0,213399.0,11622.0,1000.0,
crane1-1,4,217.0,214899.0,11622.0,1000.0,
crane1-1,4,218.0,216399.0,11622.0,1000.0,
crane1-1,4,219.0,217899.0,11622.0,1000.0,
crane1-1,4,220.0,219399.0,11622.0,1000.0,
crane1-1,4,221.0,219399.0,11622.0,1000.0,
crane1-1,4,222.0,219399.0,11622.0,1000.0,
crane1-1,4,223.0,219399.0,11622.0,1000.0,
crane1-1,4,224.0,219399.0,11622.0,1000.0,
crane1-1,4,225.0,219399.0,11622.0,1000.0,
crane1-1,4,226.0,219399.0,11622.0,1000.0,
crane1-1,4,227.0,219399.0,11622.0,1000.0,
crane1-1,4,228.0,219399.0,11622.0,1000.0,
crane1-1,4,229.0,219399.0,11622.0,1000.0,
crane1-1,4,230.0,219399.0,11622.0,1000.0,
crane1-1,4,231.0,219399.0,11622.0,1000.0,
crane1-1,4,232.0,219399.0,11622.0,1000.0,
crane1-1,4,233.0,219399.0,11622.0,1000.0,
crane1-1,4,234.0,219399.0,11622.0,1000.0,
crane1-1,4,235.0,219399.0,11622.0,1000.0,
crane1-1,4,236.0,219399.0,11622.0,1000.0,
crane1-1,4,237.0,219399.0,11622.0,1000.0,
crane1-1,4,238.0,219399.0,11622.0,1000.0,
crane1-1,4,239.0,219399.0,11622.0,1000.0,
crane1-1,4,240.0,219399.0,11622.0,1000.0,
crane1-1,4,241.0,219399.0,11622.0,1000.0,
crane1-1,4,242.0,219399.0,11622.0,1000.0,
crane1-1,4,243.0,219399.0,11622.0,1000.0,
crane1-1,4,244.0,219399.0,11622.0,1000.0,
crane1-1,4,245.0,219399.0,11622.0,1000.0,
crane1-1,4,246.0,219399.0,11622.0,1000.0,
crane1-1,4,247.0,219399.0,11622.0,1000.0,
crane1-1,4,248.0,219399.0,11622.0,1000.0,
crane1-1,4,249.0,219399.0,11622.0,1000.0,
crane1-1,4,250.0,219399.0,11622.0,1000.0,
crane1-1,4,251.0,219399.0,11622.0,1000.0,
crane1-1,4,252.0,219399.0,11622.0,1000.0,
crane1-1,4,253.0,219399.0,11622.0,1000.0,
crane1-1,4,254.0,219399.0,11622.0,1000.0,
crane1-1,4,255.0,219399.0,11622.0,1000.0,
crane1-1,4,256.0,219399.0,11622.0,1000.0,
crane1-1,4,257.0,219399.0,11622.0,1000.0,
crane1-1,4,258.0,219399.0,11622.0,1000.0,
crane1-1,4,259.0,219399.0,11622.0,1000.0,
crane1-1,4,260.0,219399.0,11622.0,1000.0,
crane1-1,4,261.0,219399.0,11622.0,1000.0,
crane1-1,4,262.0,219399.0,11622.0,1000.0,
crane1-1,4,263.0,219399.0,11622.0,1000.0,
crane1-1,4,264.0,219399.0,11622.0,1000.0,
crane1-1,4,265.0,219399.0,11622.0,1000.0,
crane1-1,4,266.0,219399.0,11622.0,1000.0,
crane1-1,4,267.0,219399.0,11622.0,1000.0,
crane1-1,4,268.0,219399.0,11622.0,1000.0,
crane1-1,4,269.0,219399.0,11622.0,1000.0,
crane1-1,4,270.0,219399.0,11622.0,1000.0,
crane1-1,4,271.0,219399.0,11622.0,1000.0,
crane1-1,4,272.0,220899.0,11622.0,1000.0,
crane1-1,4,273.0,222399.0,11622.0,1000.0,
crane1-1,4,274.0,223899.0,11622.0,1000.0,
crane1-1,4,275.0,225399.0,11622.0,1000.0,
crane1-1,4,276.0,226899.0,11622.0,1000.0,
crane1-1,4,277.0,228399.0,11622.0,1000.0,
crane1-1,4,278.0,229899.0,11622.0,1000.0,
crane1-1,4,279.0,231399.0,11622.0,1000.0,
crane1-1,4,280.0,232899.0,11622.0,1000.0,
crane1-1,4,281.0,234399.0,11622.0,1000.0,
crane1-1,4,282.0,235899.0,11622.0,1000.0,
crane1-1,4,283.0,237399.0,11622.0,1000.0,
crane1-1,4,284.0,237399.0,11622.0,1100.0,
crane1-1,4,285.0,237399.0,11622.0,1200.0,
crane1-1,4,286.0,237399.0,11622.0,1300.0,
crane1-1,4,287.0,237399.0,11622.0,1400.0,
crane1-1,4,288.0,237399.0,11622.0,1500.0,
crane1-1,4,289.0,237399.0,11622.0,1600.0,
crane1-1,4,290.0,237399.0,11622.0,1700.0,
crane1-1,4,291.0,237399.0,11622.0,1800.0,
crane1-1,4,292.0,237399.0,11622.0,1900.0,
crane1-1,4,293.0,237399.0,11622.0,2000.0,
crane1-1,4,294.0,237399.0,11622.0,2100.0,
crane1-1,4,295.0,237399.0,11622.0,2200.0,
crane1-1,4,296.0,237399.0,11622.0,2300.0,
crane1-1,4,297.0,237399.0,11622.0,2400.0,
crane1-1,4,298.0,237399.0,11622.0,2500.0,
crane1-1,4,299.0,237399.0,11622.0,2600.0,
crane1-1,4,300.0,237399.0,11622.0,2700.0,
crane1-1,4,301.0,237399.0,11622.0,2800.0,
crane1-1,4,302.0,237399.0,11622.0,2900.0,
crane1-1,4,303.0,237399.0,11622.0,3000.0,
crane1-1,4,304.0,237399.0,11622.0,3100.0,
crane1-1,4,305.0,237399.0,11622.0,3200.0,
crane1-1,4,306.0,237399.0,11622.0,3300.0,
crane1-1,4,307.0,237399.0,11622.0,3400.0,
crane1-1,4,308.0,237399.0,11622.0,3500.0,
crane1-1,4,309.0,237399.0,11622.0,3600.0,
crane1-1,4,310.0,237399.0,11622.0,3700.0,
crane1-1,4,311.0,237399.0,11622.0,3800.0,
crane1-1,4,312.0,237399.0,11622.0,3900.0,
crane1-1,4,313.0,237399.0,11622.0,4000.0,
crane1-1,4,314.0,237399.0,11622.0,4100.0,
crane1-1,4,315.0,237399.0,11622.0,4200.0,
crane1-1,4,316.0,237399.0,11622.0,4300.0,
crane1-1,4,317.0,237399.0,11622.0,4400.0,
crane1-1,4,318.0,237399.0,11622.0,4500.0,
crane1-1,4,319.0,237399.0,11622.0,4600.0,
crane1-1,4,320.0,237399.0,11622.0,4700.0,
crane1-1,4,321.0,237399.0,11622.0,4800.0,
crane1-1,4,322.0,237399.0,11622.0,4900.0,
crane1-1,4,323.0,237399.0,11622.0,5000.0,
crane1-1,4,324.0,237399.0,11622.0,5100.0,
crane1-1,4,325.0,237399.0,11622.0,5200.0,
crane1-1,4,326.0,237399.0,11622.0,5300.0,
crane1-1,4,327.0,237399.0,11622.0,5400.0,
crane1-1,4,328.0,237399.0,11622.0,5500.0,
crane1-1,4,329.0,237399.0,11622.0,5600.0,
crane1-1,4,330.0,237399.0,11622.0,5700.0,
crane1-1,4,331.0,237399.0,11622.0,5800.0,
crane1-1,4,332.0,237399.0,11622.0,5900.0,
crane1-1,4,333.0,237399.0,11622.0,6000.0,
crane1-1,4,334.0,235899.0,11822.0,5900.0,
crane1-1,4,335.0,234399.0,12022.0,5800.0,
crane1-1,4,336.0,232899.0,12222.0,5700.0,
crane1-1,4,337.0,231399.0,12422.0,5600.0,
crane1-1,4,338.0,229899.0,12622.0,5500.0,
crane1-1,4,339.0,228399.0,12822.0,5400.0,
crane1-1,4,340.0,226899.0,13022.0,5300.0,
crane1-1,4,341.0,225399.0,13222.0,5200.0,
crane1-1,4,342.0,223899.0,13422.0,5100.0,
crane1-1,4,343.0,222399.0,13622.0,5000.0,
crane1-1,4,344.0,220899.0,13822.0,4900.0,
crane1-1,4,345.0,219399.0,14022.0,4800.0,
crane1-1,4,346.0,217899.0,14222.0,4700.0,
crane1-1,4,347.0,216399.0,14422.0,4600.0,
crane1-1,4,348.0,216399.0,14622.0,4500.0,
crane1-1,4,349.0,216399.0,14822.0,4400.0,
crane1-1,4,350.0,216399.0,15022.0,4300.0,
crane1-1,4,351.0,216399.0,15222.0,4200.0,
crane1-1,4,352.0,216399.0,15422.0,4100.0,
crane1-1,4,353.0,216399.0,15622.0,4000.0,
crane1-1,4,354.0,216399.0,15822.0,3900.0,
crane1-1,4,355.0,216399.0,16022.0,3800.0,
crane1-1,4,356.0,216399.0,16222.0,3700.0,
crane1-1,4,357.0,216399.0,16422.0,3600.0,
crane1-1,4,358.0,216399.0,16622.0,3500.0,
crane1-1,4,359.0,216399.0,16822.0,3400.0,
crane1-1,4,360.0,216399.0,17022.0,3300.0,
crane1-1,4,361.0,216399.0,17222.0,3200.0,
crane1-1,4,362.0,216399.0,17422.0,3100.0,
crane1-1,4,363.0,216399.0,17622.0,3000.0,
crane1-1,4,364.0,216399.0,17822.0,2900.0,
crane1-1,4,365.0,216399.0,18022.0,2800.0,
crane1-1,4,366.0,216399.0,18222.0,2700.0,
crane1-1,4,367.0,216399.0,18422.0,2600.0,
crane1-1,4,368.0,216399.0,18622.0,2500.0,
crane1-1,4,369.0,216399.0,18622.0,2400.0,
crane1-1,4,370.0,216399.0,18622.0,2300.0,
crane1-1,4,371.0,216399.0,18622.0,2200.0,
crane1-1,4,372.0,216399.0,18622.0,2100.0,
crane1-1,4,373.0,216399.0,18622.0,2000.0,
crane1-1,4,374.0,216399.0,18622.0,1900.0,
crane1-1,4,375.0,216399.0,18622.0,1800.0,
crane1-1,4,376.0,216399.0,18622.0,1700.0,
crane1-1,4,377.0,216399.0,18622.0,1600.0,
crane1-1,4,378.0,216399.0,18622.0,1500.0,
crane1-1,4,379.0,216399.0,18622.0,1400.0,
crane1-1,4,380.0,216399.0,18622.0,1300.0,
crane1-1,4,381.0,216399.0,18622.0,1200.0,
crane1-1,4,382.0,216399.0,18622.0,1100.0,
crane1-1,4,383.0,216399.0,18622.0,1000.0,
crane1-1,4,384.0,216399.0,18622.0,1100.0,
crane1-1,4,385.0,216399.0,18622.0,1200.0,
crane1-1,4,386.0,216399.0,18622.0,1300.0,
crane1-1,4,387.0,216399.0,18622.0,1400.0,
crane1-1,4,388.0,216399.0,18622.0,1500.0,
crane1-1,4,389.0,216399.0,18622.0,1600.0,
crane1-1,4,390.0,216399.0,18622.0,1700.0,
crane1-1,4,391.0,216399.0,18622.0,1800.0,
crane1-1,4,392.0,216399.0,18622.0,1900.0,
crane1-1,4,393.0,216399.0,18622.0,2000.0,
crane1-1,4,394.0,216399.0,18622.0,2100.0,
crane1-1,4,395.0,216399.0,18622.0,2200.0,
crane1-1,4,396.0,216399.0,18622.0,2300.0,
crane1-1,4,397.0,216399.0,18622.0,2400.0,
crane1-1,4,398.0,216399.0,18622.0,2500.0,
crane1-1,4,399.0,216399.0,18622.0,2600.0,
crane1-1,4,400.0,216399.0,18622.0,2700.0,
crane1-1,4,401.0,216399.0,18622.0,2800.0,
crane1-1,4,402.0,216399.0,18622.0,2900.0,
crane1-1,4,403.0,216399.0,18622.0,3000.0,
crane1-1,4,404.0,216399.0,18622.0,3100.0,
crane1-1,4,405.0,216399.0,18622.0,3200.0,
crane1-1,4,406.0,216399.0,18622.0,3300.0,
crane1-1,4,407.0,216399.0,18622.0,3400.0,
crane1-1,4,408.0,216399.0,18622.0,3500.0,
crane1-1,4,409.0,216399.0,18622.0,3600.0,
crane1-1,4,410.0,216399.0,18622.0,3700.0,
crane1-1,4,411.0,216399.0,18622.0,3800.0,
crane1-1,4,412.0,216399.0,18622.0,3900.0,
crane1-1,4,413.0,216399.0,18622.0,4000.0,
crane1-1,4,414.0,216399.0,18622.0,4100.0,
crane1-1,4,415.0,216399.0,18622.0,4200.0,
crane1-1,4,416.0,216399.0,18622.0,4300.0,
crane1-1,4,417.0,216399.0,18622.0,4400.0,
crane1-1,4,418.0,216399.0,18622.0,4500.0,
crane1-1,4,419.0,216399.0,18622.0,4600.0,
crane1-1,4,420.0,216399.0,18622.0,4700.0,
crane1-1,4,421.0,216399.0,18622.0,4800.0,
crane1-1,4,422.0,216399.0,18622.0,4900.0,
crane1-1,4,423.0,216399.0,18622.0,5000.0,
crane1-1,4,424.0,216399.0,18622.0,5100.0,
crane1-1,4,425.0,216399.0,18622.0,5200.0,
crane1-1,4,426.0,216399.0,18622.0,5300.0,
crane1-1,4,427.0,216399.0,18622.0,5400.0,
crane1-1,4,428.0,216399.0,18622.0,5500.0,
crane1-1,4,429.0,216399.0,18622.0,5600.0,
crane1-1,4,430.0,216399.0,18622.0,5700.0,
crane1-1,4,431.0,216399.0,18622.0,5800.0,
crane1-1,4,432.0,216399.0,18622.0,5900.0,
crane1-1,4,433.0,216399.0,18622.0,6000.0,
crane1-1,-1,434.0,214899.0,18622.0,6000.0,
crane1-1,-1,435.0,213399.0,18622.0,6000.0,
crane1-1,3,436.0,213399.0,18422.0,5900.0,
crane1-1,3,437.0,213399.0,18222.0,5800.0,
crane1-1,3,438.0,213399.0,18022.0,5700.0,
crane1-1,3,439.0,213399.0,17822.0,5600.0,
crane1-1,3,440.0,213399.0,17622.0,5500.0,
crane1-1,3,441.0,213399.0,17422.0,5400.0,
crane1-1,3,442.0,213399.0,17222.0,5300.0,
crane1-1,3,443.0,213399.0,17022.0,5200.0,
crane1-1,3,444.0,213399.0,16822.0,5100.0,
crane1-1,3,445.0,213399.0,16622.0,5000.0,
crane1-1,3,446.0,213399.0,16422.0,4900.0,
crane1-1,3,447.0,213399.0,16222.0,4800.0,
crane1-1,3,448.0,213399.0,16022.0,4700.0,
crane1-1,3,449.0,213399.0,15822.0,4600.0,
crane1-1,3,450.0,213399.0,15622.0,4500.0,
crane1-1,3,451.0,213399.0,15422.0,4400.0,
crane1-1,3,452.0,213399.0,15222.0,4300.0,
crane1-1,3,453.0,213399.0,15022.0,4200.0,
crane1-1,3,454.0,213399.0,14822.0,4100.0,
crane1-1,3,455.0,213399.0,14622.0,4000.0,
crane1-1,3,456.0,213399.0,14422.0,3900.0,
crane1-1,3,457.0,213399.0,14222.0,3800.0,
crane1-1,3,458.0,213399.0,14022.0,3700.0,
crane1-1,3,459.0,213399.0,13822.0,3600.0,
crane1-1,3,460.0,213399.0,13622.0,3500.0,
crane1-1,3,461.0,213399.0,13422.0,3400.0,
crane1-1,3,462.0,213399.0,13222.0,3300.0,
crane1-1,3,463.0,213399.0,13022.0,3200.0,
crane1-1,3,464.0,213399.0,12822.0,3100.0,
crane1-1,3,465.0,213399.0,12622.0,3000.0,
crane1-1,3,466.0,213399.0,12422.0,2900.0,
crane1-1,3,467.0,213399.0,12222.0,2800.0,
crane1-1,3,468.0,213399.0,12022.0,2700.0,
crane1-1,3,469.0,213399.0,11822.0,2600.0,
crane1-1,3,470.0,213399.0,11622.0,2500.0,
crane1-1,3,471.0,213399.0,11422.0,2400.0,
crane1-1,3,472.0,213399.0,11222.0,2300.0,
crane1-1,3,473.0,213399.0,11022.0,2200.0,
crane1-1,3,474.0,213399.0,10822.0,2100.0,
crane1-1,3,475.0,213399.0,10622.0,2000.0,
crane1-1,3,476.0,213399.0,10422.0,1900.0,
crane1-1,3,477.0,213399.0,10222.0,1800.0,
crane1-1,3,478.0,213399.0,10022.0,1700.0,
crane1-1,3,479.0,213399.0,9822.0,1600.0,
crane1-1,3,480.0,213399.0,9622.0,1500.0,
crane1-1,3,481.0,213399.0,9422.0,1400.0,
crane1-1,3,482.0,213399.0,9222.0,1300.0,
crane1-1,3,483.0,213399.0,9022.0,1200.0,
crane1-1,3,484.0,213399.0,8822.0,1100.0,
crane1-1,3,485.0,213399.0,8622.0,1000.0,
crane1-1,3,486.0,213399.0,8422.0,1000.0,
crane1-1,3,487.0,213399.0,8222.0,1000.0,
crane1-1,3,488.0,213399.0,8022.0,1000.0,
crane1-1,3,489.0,213399.0,7822.0,1000.0,
crane1-1,3,490.0,213399.0,7622.0,1000.0,
crane1-1,3,491.0,213399.0,7422.0,1000.0,
crane1-1,3,492.0,213399.0,7222.0,1000.0,
crane1-1,3,493.0,213399.0,7022.0,1000.0,
crane1-1,3,494.0,213399.0,6822.0,1000.0,
crane1-1,3,495.0,213399.0,6622.0,1000.0,
crane1-1,3,496.0,213399.0,6422.0,1000.0,
crane1-1,3,497.0,213399.0,6222.0,1000.0,
crane1-1,3,498.0,213399.0,6022.0,1000.0,
crane1-1,3,499.0,213399.0,5822.0,1000.0,
crane1-1,3,500.0,213399.0,5622.0,1000.0,
crane1-1,3,501.0,213399.0,5622.0,1000.0,
crane1-1,3,502.0,213399.0,5622.0,1000.0,
crane1-1,3,503.0,213399.0,5622.0,1000.0,
crane1-1,3,504.0,214899.0,5622.0,1000.0,
crane1-1,3,505.0,216399.0,5622.0,1000.0,
crane1-1,3,506.0,217899.0,5622.0,1000.0,
crane1-1,3,507.0,219399.0,5622.0,1000.0,
crane1-1,3,508.0,220899.0,5622.0,1000.0,
crane1-1,3,509.0,222399.0,5622.0,1000.0,
crane1-1,3,510.0,223899.0,5622.0,1000.0,
crane1-1,3,511.0,225399.0,5622.0,1000.0,
crane1-1,3,512.0,226899.0,5622.0,1000.0,
crane1-1,3,513.0,228399.0,5622.0,1000.0,
crane1-1,3,514.0,228399.0,5622.0,1000.0,
crane1-1,3,515.0,228399.0,5622.0,1000.0,
crane1-1,3,516.0,228399.0,5622.0,1000.0,
crane1-1,3,517.0,228399.0,5622.0,1000.0,
crane1-1,3,518.0,228399.0,5622.0,1000.0,
crane1-1,3,519.0,228399.0,5622.0,1000.0,
crane1-1,3,520.0,228399.0,5622.0,1000.0,
crane1-1,3,521.0,228399.0,5622.0,1000.0,
crane1-1,3,522.0,228399.0,5622.0,1000.0,
crane1-1,3,523.0,228399.0,5622.0,1000.0,
crane1-1,3,524.0,228399.0,5622.0,1000.0,
crane1-1,3,525.0,228399.0,5622.0,1000.0,
crane1-1,3,526.0,228399.0,5622.0,1000.0,
crane1-1,3,527.0,228399.0,5622.0,1000.0,
crane1-1,3,528.0,228399.0,5622.0,1000.0,
crane1-1,3,529.0,228399.0,5622.0,1000.0,
crane1-1,3,530.0,228399.0,5622.0,1000.0,
crane1-1,3,531.0,228399.0,5622.0,1000.0,
crane1-1,3,532.0,228399.0,5622.0,1000.0,
crane1-1,3,533.0,228399.0,5622.0,1000.0,
crane1-1,3,534.0,228399.0,5622.0,1000.0,
crane1-1,3,535.0,228399.0,5622.0,1000.0,
crane1-1,3,536.0,228399.0,5622.0,1000.0,
crane1-1,3,537.0,228399.0,5622.0,1000.0,
crane1-1,3,538.0,228399.0,5622.0,1000.0,
crane1-1,3,539.0,228399.0,5622.0,1000.0,
crane1-1,3,540.0,228399.0,5622.0,1000.0,
crane1-1,3,541.0,228399.0,5622.0,1000.0,
crane1-1,3,542.0,228399.0,5622.0,1000.0,
crane1-1,3,543.0,228399.0,5622.0,1000.0,
crane1-1,3,544.0,228399.0,5622.0,1000.0,
crane1-1,3,545.0,228399.0,5622.0,1000.0,
crane1-1,3,546.0,228399.0,5622.0,1000.0,
crane1-1,3,547.0,228399.0,5622.0,1000.0,
crane1-1,3,548.0,228399.0,5622.0,1000.0,
crane1-1,3,549.0,228399.0,5622.0,1000.0,
crane1-1,3,550.0,228399.0,5622.0,1000.0,
crane1-1,3,551.0,228399.0,5622.0,1000.0,
crane1-1,3,552.0,228399.0,5622.0,1000.0,
crane1-1,3,553.0,228399.0,5622.0,1000.0,
crane1-1,3,554.0,228399.0,5622.0,1000.0,
crane1-1,3,555.0,228399.0,5622.0,1000.0,
crane1-1,3,556.0,228399.0,5622.0,1000.0,
crane1-1,3,557.0,228399.0,5622.0,1000.0,
crane1-1,3,558.0,228399.0,5622.0,1000.0,
crane1-1,3,559.0,228399.0,5622.0,1000.0,
crane1-1,3,560.0,228399.0,5622.0,1000.0,
crane1-1,3,561.0,228399.0,5622.0,1000.0,
crane1-1,3,562.0,228399.0,5622.0,1000.0,
crane1-1,3,563.0,228399.0,5622.0,1000.0,
crane1-1,3,564.0,228399.0,5622.0,1000.0,
crane1-1,3,565.0,228399.0,5622.0,1000.0,
crane1-1,3,566.0,228399.0,5622.0,1000.0,
crane1-1,3,567.0,228399.0,5622.0,1000.0,
crane1-1,3,568.0,228399.0,5622.0,1000.0,
crane1-1,3,569.0,228399.0,5622.0,1000.0,
crane1-1,3,570.0,228399.0,5622.0,1000.0,
crane1-1,3,571.0,228399.0,5622.0,1000.0,
crane1-1,3,572.0,228399.0,5622.0,1000.0,
crane1-1,3,573.0,228399.0,5622.0,1000.0,
crane1-1,3,574.0,228399.0,5622.0,1000.0,
crane1-1,3,575.0,228399.0,5622.0,1000.0,
crane1-1,3,576.0,228399.0,5622.0,1000.0,
crane1-1,3,577.0,228399.0,5622.0,1000.0,
crane1-1,3,578.0,228399.0,5622.0,1000.0,
crane1-1,3,579.0,228399.0,5622.0,1000.0,
crane1-1,3,580.0,228399.0,5622.0,1000.0,
crane1-1,3,581.0,228399.0,5622.0,1000.0,
crane1-1,3,582.0,228399.0,5622.0,1000.0,
crane1-1,3,583.0,228399.0,5622.0,1000.0,
crane1-1,3,584.0,228399.0,5622.0,1000.0,
crane1-1,3,585.0,228399.0,5622.0,1000.0,
crane1-1,3,586.0,228399.0,5622.0,1000.0,
crane1-1,3,587.0,228399.0,5622.0,1000.0,
crane1-1,3,588.0,228399.0,5622.0,1000.0,
crane1-1,3,589.0,228399.0,5622.0,1000.0,
crane1-1,3,590.0,228399.0,5622.0,1000.0,
crane1-1,3,591.0,228399.0,5622.0,1000.0,
crane1-1,3,592.0,228399.0,5622.0,1000.0,
crane1-1,3,593.0,228399.0,5622.0,1000.0,
crane1-1,3,594.0,228399.0,5622.0,1000.0,
crane1-1,3,595.0,228399.0,5622.0,1000.0,
crane1-1,3,596.0,228399.0,5622.0,1000.0,
crane1-1,3,597.0,228399.0,5622.0,1000.0,
crane1-1,3,598.0,228399.0,5622.0,1000.0,
crane1-1,3,599.0,228399.0,5622.0,1000.0,
crane1-1,3,600.0,228399.0,5622.0,1000.0,
crane1-1,3,601.0,228399.0,5622.0,1000.0,
crane1-1,3,602.0,228399.0,5622.0,1000.0,
crane1-1,3,603.0,228399.0,5622.0,1000.0,
crane1-1,3,604.0,229899.0,5622.0,1000.0,
crane1-1,3,605.0,231399.0,5622.0,1000.0,
crane1-1,3,606.0,232899.0,5622.0,1000.0,
crane1-1,3,607.0,234399.0,5622.0,1000.0,
crane1-1,3,608.0,235899.0,5622.0,1000.0,
crane1-1,3,609.0,237399.0,5622.0,1000.0,
crane1-1,3,610.0,238899.0,5622.0,1000.0,
crane1-1,3,611.0,240399.0,5622.0,1000.0,
crane1-1,3,612.0,241899.0,5622.0,1000.0,
crane1-1,3,613.0,243399.0,5622.0,1000.0,
crane1-1,3,614.0,244899.0,5622.0,1000.0,
crane1-1,3,615.0,246399.0,5622.0,1000.0,
crane1-1,3,616.0,247899.0,5622.0,1000.0,
crane1-1,3,617.0,249399.0,5622.0,1000.0,
crane1-1,3,618.0,250399.0,5622.0,1000.0,
crane1-1,3,619.0,250399.0,5622.0,1100.0,
crane1-1,3,620.0,250399.0,5622.0,1200.0,
crane1-1,3,621.0,250399.0,5622.0,1300.0,
crane1-1,3,622.0,250399.0,5622.0,1400.0,
crane1-1,3,623.0,250399.0,5622.0,1500.0,
crane1-1,3,624.0,250399.0,5622.0,1600.0,
crane1-1,3,625.0,250399.0,5622.0,1700.0,
crane1-1,3,626.0,250399.0,5622.0,1800.0,
crane1-1,3,627.0,250399.0,5622.0,1900.0,
crane1-1,3,628.0,250399.0,5622.0,2000.0,
crane1-1,3,629.0,250399.0,5622.0,2100.0,
crane1-1,3,630.0,250399.0,5622.0,2200.0,
crane1-1,3,631.0,250399.0,5622.0,2300.0,
crane1-1,3,632.0,250399.0,5622.0,2400.0,
crane1-1,3,633.0,250399.0,5622.0,2500.0,
crane1-1,3,634.0,250399.0,5622.0,2600.0,
crane1-1,3,635.0,250399.0,5622.0,2700.0,
crane1-1,3,636.0,250399.0,5622.0,2800.0,
crane1-1,3,637.0,250399.0,5622.0,2900.0,
crane1-1,3,638.0,250399.0,5622.0,3000.0,
crane1-1,3,639.0,250399.0,5622.0,3100.0,
crane1-1,3,640.0,250399.0,5622.0,3200.0,
crane1-1,3,641.0,250399.0,5622.0,3300.0,
crane1-1,3,642.0,250399.0,5622.0,3400.0,
crane1-1,3,643.0,250399.0,5622.0,3500.0,
crane1-1,3,644.0,250399.0,5622.0,3600.0,
crane1-1,3,645.0,250399.0,5622.0,3700.0,
crane1-1,3,646.0,250399.0,5622.0,3800.0,
crane1-1,3,647.0,250399.0,5622.0,3900.0,
crane1-1,3,648.0,250399.0,5622.0,4000.0,
crane1-1,3,649.0,250399.0,5622.0,4100.0,
crane1-1,3,650.0,250399.0,5622.0,4200.0,
crane1-1,3,651.0,250399.0,5622.0,4300.0,
crane1-1,3,652.0,250399.0,5622.0,4400.0,
crane1-1,3,653.0,250399.0,5622.0,4500.0,
crane1-1,3,654.0,250399.0,5622.0,4600.0,
crane1-1,3,655.0,250399.0,5622.0,4700.0,
crane1-1,3,656.0,250399.0,5622.0,4800.0,
crane1-1,3,657.0,250399.0,5622.0,4900.0,
crane1-1,3,658.0,250399.0,5622.0,5000.0,
crane1-1,3,659.0,250399.0,5622.0,5100.0,
crane1-1,3,660.0,250399.0,5622.0,5200.0,
crane1-1,3,661.0,250399.0,5622.0,5300.0,
crane1-1,3,662.0,250399.0,5622.0,5400.0,
crane1-1,3,663.0,250399.0,5622.0,5500.0,
crane1-1,3,664.0,250399.0,5622.0,5600.0,
crane1-1,3,665.0,250399.0,5622.0,5700.0,
crane1-1,3,666.0,250399.0,5622.0,5800.0,
crane1-1,3,667.0,250399.0,5622.0,5900.0,
crane1-1,3,668.0,250399.0,5622.0,6000.0,
crane1-1,3,669.0,248899.0,5422.0,5900.0,
crane1-1,3,670.0,247399.0,5222.0,5800.0,
crane1-1,3,671.0,245899.0,5022.0,5700.0,
crane1-1,3,672.0,244399.0,4822.0,5600.0,
crane1-1,3,673.0,242899.0,4622.0,5500.0,
crane1-1,3,674.0,241399.0,4622.0,5400.0,
crane1-1,3,675.0,239899.0,4622.0,5300.0,
crane1-1,3,676.0,238399.0,4622.0,5200.0,
crane1-1,3,677.0,236899.0,4622.0,5100.0,
crane1-1,3,678.0,235399.0,4622.0,5000.0,
crane1-1,3,679.0,233899.0,4622.0,4900.0,
crane1-1,3,680.0,232399.0,4622.0,4800.0,
crane1-1,3,681.0,230899.0,4622.0,4700.0,
crane1-1,3,682.0,229399.0,4622.0,4600.0,
crane1-1,3,683.0,227899.0,4622.0,4500.0,
crane1-1,3,684.0,226399.0,4622.0,4400.0,
crane1-1,3,685.0,224899.0,4622.0,4300.0,
crane1-1,3,686.0,223399.0,4622.0,4200.0,
crane1-1,3,687.0,221899.0,4622.0,4100.0,
crane1-1,3,688.0,221399.0,4622.0,4000.0,
crane1-1,3,689.0,221399.0,4622.0,3900.0,
crane1-1,3,690.0,221399.0,4622.0,3800.0,
crane1-1,3,691.0,221399.0,4622.0,3700.0,
crane1-1,3,692.0,221399.0,4622.0,3600.0,
crane1-1,3,693.0,221399.0,4622.0,3500.0,
crane1-1,3,694.0,221399.0,4622.0,3400.0,
crane1-1,3,695.0,221399.0,4622.0,3300.0,
crane1-1,3,696.0,221399.0,4622.0,3200.0,
crane1-1,3,697.0,221399.0,4622.0,3100.0,
crane1-1,3,698.0,221399.0,4622.0,3000.0,
crane1-1,3,699.0,221399.0,4622.0,2900.0,
crane1-1,3,700.0,221399.0,4622.0,2800.0,
crane1-1,3,701.0,221399.0,4622.0,2700.0,
crane1-1,3,702.0,221399.0,4622.0,2600.0,
crane1-1,3,703.0,221399.0,4622.0,2500.0,
crane1-1,3,704.0,221399.0,4622.0,2400.0,
crane1-1,3,705.0,221399.0,4622.0,2300.0,
crane1-1,3,706.0,221399.0,4622.0,2200.0,
crane1-1,3,707.0,221399.0,4622.0,2100.0,
crane1-1,3,708.0,221399.0,4622.0,2000.0,
crane1-1,3,709.0,221399.0,4622.0,1900.0,
crane1-1,3,710.0,221399.0,4622.0,1800.0,
crane1-1,3,711.0,221399.0,4622.0,1700.0,
crane1-1,3,712.0,221399.0,4622.0,1600.0,
crane1-1,3,713.0,221399.0,4622.0,1500.0,
crane1-1,3,714.0,221399.0,4622.0,1400.0,
crane1-1,3,715.0,221399.0,4622.0,1300.0,
crane1-1,3,716.0,221399.0,4622.0,1200.0,
crane1-1,3,717.0,221399.0,4622.0,1100.0,
crane1-1,3,718.0,221399.0,4622.0,1000.0,
crane1-1,3,719.0,221399.0,4622.0,1100.0,
crane1-1,3,720.0,221399.0,4622.0,1200.0,
crane1-1,3,721.0,221399.0,4622.0,1300.0,
crane1-1,3,722.0,221399.0,4622.0,1400.0,
crane1-1,3,723.0,221399.0,4622.0,1500.0,
crane1-1,3,724.0,221399.0,4622.0,1600.0,
crane1-1,3,725.0,221399.0,4622.0,1700.0,
crane1-1,3,726.0,221399.0,4622.0,1800.0,
crane1-1,3,727.0,221399.0,4622.0,1900.0,
crane1-1,3,728.0,221399.0,4622.0,2000.0,
crane1-1,3,729.0,221399.0,4622.0,2100.0,
crane1-1,3,730.0,221399.0,4622.0,2200.0,
crane1-1,3,731.0,221399.0,4622.0,2300.0,
crane1-1,3,732.0,221399.0,4622.0,2400.0,
crane1-1,3,733.0,221399.0,4622.0,2500.0,
crane1-1,3,734.0,221399.0,4622.0,2600.0,
crane1-1,3,735.0,221399.0,4622.0,2700.0,
crane1-1,3,736.0,221399.0,4622.0,2800.0,
crane1-1,3,737.0,221399.0,4622.0,2900.0,
crane1-1,3,738.0,221399.0,4622.0,3000.0,
crane1-1,3,739.0,221399.0,4622.0,3100.0,
crane1-1,3,740.0,221399.0,4622.0,3200.0,
crane1-1,3,741.0,221399.0,4622.0,3300.0,
crane1-1,3,742.0,221399.0,4622.0,3400.0,
crane1-1,3,743.0,221399.0,4622.0,3500.0,
crane1-1,3,744.0,221399.0,4622.0,3600.0,
crane1-1,3,745.0,221399.0,4622.0,3700.0,
crane1-1,3,746.0,221399.0,4622.0,3800.0,
crane1-1,3,747.0,221399.0,4622.0,3900.0,
crane1-1,3,748.0,221399.0,4622.0,4000.0,
crane1-1,3,749.0,221399.0,4622.0,4100.0,
crane1-1,3,750.0,221399.0,4622.0,4200.0,
crane1-1,3,751.0,221399.0,4622.0,4300.0,
crane1-1,3,752.0,221399.0,4622.0,4400.0,
crane1-1,3,753.0,221399.0,4622.0,4500.0,
crane1-1,3,754.0,221399.0,4622.0,4600.0,
crane1-1,3,755.0,221399.0,4622.0,4700.0,
crane1-1,3,756.0,221399.0,4622.0,4800.0,
crane1-1,3,757.0,221399.0,4622.0,4900.0,
crane1-1,3,758.0,221399.0,4622.0,5000.0,
crane1-1,3,759.0,221399.0,4622.0,5100.0,
crane1-1,3,760.0,221399.0,4622.0,5200.0,
crane1-1,3,761.0,221399.0,4622.0,5300.0,
crane1-1,3,762.0,221399.0,4622.0,5400.0,
crane1-1,3,763.0,221399.0,4622.0,5500.0,
crane1-1,3,764.0,221399.0,4622.0,5600.0,
crane1-1,3,765.0,221399.0,4622.0,5700.0,
crane1-1,3,766.0,221399.0,4622.0,5800.0,
crane1-1,3,767.0,221399.0,4622.0,5900.0,
crane1-1,3,768.0,221399.0,4622.0,6000.0,
crane1-1,-1,769.0,219899.0,4622.0,6000.0,
crane1-1,-1,770.0,218399.0,4622.0,6000.0,
crane1-1,-1,771.0,216899.0,4622.0,6000.0,
crane1-1,-1,772.0,215399.0,4622.0,6000.0,
crane1-1,-1,773.0,213899.0,4622.0,6000.0,
crane1-1,-1,774.0,212399.0,4622.0,6000.0,
crane1-1,-1,775.0,210899.0,4622.0,6000.0,
crane1-1,-1,776.0,209399.0,4622.0,6000.0,
crane1-1,-1,777.0,207899.0,4622.0,6000.0,
crane1-1,-1,778.0,206399.0,4622.0,6000.0,
crane1-1,-1,779.0,204899.0,4622.0,6000.0,
crane1-1,-1,780.0,203399.0,4622.0,6000.0,
crane1-1,-1,781.0,201899.0,4622.0,6000.0,
crane1-1,-1,782.0,200399.0,4622.0,6000.0,
crane1-1,-1,783.0,198899.0,4622.0,6000.0,
crane1-1,-1,784.0,197399.0,4622.0,6000.0,
crane1-1,-1,785.0,195899.0,4622.0,6000.0,
crane1-1,-1,786.0,195399.0,4622.0,6000.0,
crane1-1,-1,787.0,195399.0,4622.0,6000.0,
crane1-1,-1,788.0,195399.0,4622.0,6000.0,
crane1-1,-1,789.0,195399.0,4622.0,6000.0,
crane1-1,-1,790.0,195399.0,4622.0,6000.0,
crane1-1,-1,791.0,195399.0,4622.0,6000.0,
crane1-1,-1,792.0,195399.0,4622.0,6000.0,
crane1-1,-1,793.0,195399.0,4622.0,6000.0,
crane1-1,-1,794.0,195399.0,4622.0,6000.0,
crane1-1,-1,795.0,195399.0,4622.0,6000.0,
crane1-1,-1,796.0,195399.0,4622.0,6000.0,
crane1-1,-1,797.0,195399.0,4622.0,6000.0,
crane1-1,-1,798.0,195399.0,4622.0,6000.0,
crane1-1,-1,799.0,195399.0,4622.0,6000.0,
crane1-1,-1,800.0,195399.0,4622.0,6000.0,
crane1-1,-1,801.0,195399.0,4622.0,6000.0,
crane1-1,-1,802.0,195399.0,4622.0,6000.0,
crane1-1,-1,803.0,195399.0,4622.0,6000.0,
crane1-1,-1,804.0,195399.0,4622.0,6000.0,
crane1-1,-1,805.0,195399.0,4622.0,6000.0,
crane1-1,-1,806.0,195399.0,4622.0,6000.0,
crane1-1,-1,807.0,195399.0,4622.0,6000.0,
crane1-1,-1,808.0,195399.0,4622.0,6000.0,
crane1-1,-1,809.0,195399.0,4622.0,6000.0,
crane1-1,-1,810.0,195399.0,4622.0,6000.0,
crane1-1,-1,811.0,195399.0,4622.0,6000.0,
crane1-1,-1,812.0,195399.0,4622.0,6000.0,
crane1-1,-1,813.0,195399.0,4622.0,6000.0,
crane1-1,-1,814.0,195399.0,4622.0,6000.0,
crane1-1,-1,815.0,195399.0,4622.0,6000.0,
crane1-1,-1,816.0,195399.0,4622.0,6000.0,
crane1-1,-1,817.0,195399.0,4622.0,6000.0,
crane1-1,-1,818.0,195399.0,4622.0,6000.0,
crane1-1,-1,819.0,195399.0,4622.0,6000.0,
crane1-1,-1,820.0,195399.0,4622.0,6000.0,
crane1-1,-1,821.0,195399.0,4622.0,6000.0,
crane1-1,-1,822.0,195399.0,4622.0,6000.0,
crane1-1,-1,823.0,195399.0,4622.0,6000.0,
crane1-1,-1,824.0,195399.0,4622.0,6000.0,
crane1-1,-1,825.0,195399.0,4622.0,6000.0,
crane1-1,-1,826.0,195399.0,4622.0,6000.0,
crane1-1,-1,827.0,195399.0,4622.0,6000.0,
crane1-1,-1,828.0,195399.0,4622.0,6000.0,
crane1-1,-1,829.0,195399.0,4622.0,6000.0,
crane1-1,-1,830.0,195399.0,4622.0,6000.0,
crane1-1,-1,831.0,195399.0,4622.0,6000.0,
crane1-1,-1,832.0,195399.0,4622.0,6000.0,
crane1-1,-1,833.0,195399.0,4622.0,6000.0,
crane1-1,-1,834.0,195399.0,4622.0,6000.0,
crane1-1,-1,835.0,195399.0,4622.0,6000.0,
crane1-1,-1,836.0,195399.0,4622.0,6000.0,
crane1-1,-1,837.0,193899.0,4622.0,6000.0,
crane1-1,-1,838.0,192399.0,4622.0,6000.0,
crane1-1,-1,839.0,190899.0,4622.0,6000.0,
crane1-1,-1,840.0,189399.0,4622.0,6000.0,
crane1-1,-1,841.0,187899.0,4622.0,6000.0,
crane1-1,-1,842.0,186399.0,4622.0,6000.0,
crane1-1,-1,843.0,184899.0,4622.0,6000.0,
crane1-1,-1,844.0,183399.0,4622.0,6000.0,
crane1-1,-1,845.0,181899.0,4622.0,6000.0,
crane1-1,-1,846.0,180399.0,4622.0,6000.0,
crane1-1,-1,847.0,178899.0,4622.0,6000.0,
crane1-1,-1,848.0,177399.0,4622.0,6000.0,
crane1-1,-1,849.0,175899.0,4622.0,6000.0,
crane1-1,-1,850.0,174399.0,4622.0,6000.0,
crane1-1,-1,851.0,172899.0,4622.0,6000.0,
crane1-1,-1,852.0,171399.0,4622.0,6000.0,
crane1-1,-1,853.0,169899.0,4622.0,6000.0,
crane1-1,-1,854.0,168399.0,4622.0,6000.0,
crane1-1,-1,855.0,167399.0,4622.0,6000.0,
crane1-1,0,856.0,167399.0,4822.0,5900.0,
crane1-1,0,857.0,167399.0,5022.0,5800.0,
crane1-1,0,858.0,167399.0,5222.0,5700.0,
crane1-1,0,859.0,167399.0,5422.0,5600.0,
crane1-1,0,860.0,167399.0,5622.0,5500.0,
crane1-1,0,861.0,167399.0,5622.0,5400.0,
crane1-1,0,862.0,167399.0,5622.0,5300.0,
crane1-1,0,863.0,167399.0,5622.0,5200.0,
crane1-1,0,864.0,167399.0,5622.0,5100.0,
crane1-1,0,865.0,167399.0,5622.0,5000.0,
crane1-1,0,866.0,167399.0,5622.0,4900.0,
crane1-1,0,867.0,167399.0,5622.0,4800.0,
crane1-1,0,868.0,167399.0,5622.0,4700.0,
crane1-1,0,869.0,167399.0,5622.0,4600.0,
crane1-1,0,870.0,167399.0,5622.0,4500.0,
crane1-1,0,871.0,167399.0,5622.0,4400.0,
crane1-1,0,872.0,167399.0,5622.0,4300.0,
crane1-1,0,873.0,167399.0,5622.0,4200.0,
crane1-1,0,874.0,167399.0,5622.0,4100.0,
crane1-1,0,875.0,167399.0,5622.0,4000.0,
crane1-1,0,876.0,167399.0,5622.0,3900.0,
crane1-1,0,877.0,167399.0,5622.0,3800.0,
crane1-1,0,878.0,167399.0,5622.0,3700.0,
crane1-1,0,879.0,167399.0,5622.0,3600.0,
crane1-1,0,880.0,167399.0,5622.0,3500.0,
crane1-1,0,881.0,167399.0,5622.0,3400.0,
crane1-1,0,882.0,167399.0,5622.0,3300.0,
crane1-1,0,883.0,167399.0,5622.0,3200.0,
crane1-1,0,884.0,167399.0,5622.0,3100.0,
crane1-1,0,885.0,167399.0,5622.0,3000.0,
crane1-1,0,886.0,167399.0,5622.0,2900.0,
crane1-1,0,887.0,167399.0,5622.0,2800.0,
crane1-1,0,888.0,167399.0,5622.0,2700.0,
crane1-1,0,889.0,167399.0,5622.0,2600.0,
crane1-1,0,890.0,167399.0,5622.0,2500.0,
crane1-1,0,891.0,167399.0,5622.0,2400.0,
crane1-1,0,892.0,167399.0,5622.0,2300.0,
crane1-1,0,893.0,167399.0,5622.0,2200.0,
crane1-1,0,894.0,167399.0,5622.0,2100.0,
crane1-1,0,895.0,167399.0,5622.0,2000.0,
crane1-1,0,896.0,167399.0,5622.0,1900.0,
crane1-1,0,897.0,167399.0,5622.0,1800.0,
crane1-1,0,898.0,167399.0,5622.0,1700.0,
crane1-1,0,899.0,167399.0,5622.0,1600.0,
crane1-1,0,900.0,167399.0,5622.0,1500.0,
crane1-1,0,901.0,167399.0,5622.0,1400.0,
crane1-1,0,902.0,167399.0,5622.0,1300.0,
crane1-1,0,903.0,167399.0,5622.0,1200.0,
crane1-1,0,904.0,167399.0,5622.0,1100.0,
crane1-1,0,905.0,167399.0,5622.0,1000.0,
crane1-1,0,906.0,168899.0,5622.0,1000.0,
crane1-1,0,907.0,170399.0,5622.0,1000.0,
crane1-1,0,908.0,171899.0,5622.0,1000.0,
crane1-1,0,909.0,173399.0,5622.0,1000.0,
crane1-1,0,910.0,174899.0,5622.0,1000.0,
crane1-1,0,911.0,176399.0,5622.0,1000.0,
crane1-1,0,912.0,177899.0,5622.0,1000.0,
crane1-1,0,913.0,179399.0,5622.0,1000.0,
crane1-1,0,914.0,180899.0,5622.0,1000.0,
crane1-1,0,915.0,182399.0,5622.0,1000.0,
crane1-1,0,916.0,183899.0,5622.0,1000.0,
crane1-1,0,917.0,185399.0,5622.0,1000.0,
crane1-1,0,918.0,186899.0,5622.0,1000.0,
crane1-1,0,919.0,188399.0,5622.0,1000.0,
crane1-1,0,920.0,189899.0,5622.0,1000.0,
crane1-1,0,921.0,191399.0,5622.0,1000.0,
crane1-1,0,922.0,192899.0,5622.0,1000.0,
crane1-1,0,923.0,194399.0,5622.0,1000.0,
crane1-1,0,924.0,195899.0,5622.0,1000.0,
crane1-1,0,925.0,197399.0,5622.0,1000.0,
crane1-1,0,926.0,197399.0,5622.0,1000.0,
crane1-1,0,927.0,197399.0,5622.0,1000.0,
crane1-1,0,928.0,197399.0,5622.0,1000.0,
crane1-1,0,929.0,197399.0,5622.0,1000.0,
crane1-1,0,930.0,197399.0,5622.0,1000.0,
crane1-1,0,931.0,197399.0,5622.0,1000.0,
crane1-1,0,932.0,197399.0,5622.0,1000.0,
crane1-1,0,933.0,197399.0,5622.0,1000.0,
crane1-1,0,934.0,197399.0,5622.0,1000.0,
crane1-1,0,935.0,197399.0,5622.0,1000.0,
crane1-1,0,936.0,197399.0,5622.0,1000.0,
crane1-1,0,937.0,197399.0,5622.0,1000.0,
crane1-1,0,938.0,197399.0,5622.0,1000.0,
crane1-1,0,939.0,197399.0,5622.0,1000.0,
crane1-1,0,940.0,197399.0,5622.0,1000.0,
crane1-1,0,941.0,197399.0,5622.0,1000.0,
crane1-1,0,942.0,197399.0,5622.0,1000.0,
crane1-1,0,943.0,197399.0,5622.0,1000.0,
crane1-1,0,944.0,197399.0,5622.0,1000.0,
crane1-1,0,945.0,197399.0,5622.0,1000.0,
crane1-1,0,946.0,197399.0,5622.0,1000.0,
crane1-1,0,947.0,197399.0,5622.0,1000.0,
crane1-1,0,948.0,197399.0,5622.0,1000.0,
crane1-1,0,949.0,197399.0,5622.0,1000.0,
crane1-1,0,950.0,197399.0,5622.0,1000.0,
crane1-1,0,951.0,197399.0,5622.0,1000.0,
crane1-1,0,952.0,197399.0,5622.0,1000.0,
crane1-1,0,953.0,197399.0,5622.0,1000.0,
crane1-1,0,954.0,197399.0,5622.0,1000.0,
crane1-1,0,955.0,197399.0,5622.0,1000.0,
crane1-1,0,956.0,197399.0,5622.0,1000.0,
crane1-1,0,957.0,197399.0,5622.0,1000.0,
crane1-1,0,958.0,197399.0,5622.0,1000.0,
crane1-1,0,959.0,197399.0,5622.0,1000.0,
crane1-1,0,960.0,197399.0,5622.0,1000.0,
crane1-1,0,961.0,197399.0,5622.0,1000.0,
crane1-1,0,962.0,197399.0,5622.0,1000.0,
crane1-1,0,963.0,197399.0,5622.0,1000.0,
crane1-1,0,964.0,197399.0,5622.0,1000.0,
crane1-1,0,965.0,197399.0,5622.0,1000.0,
crane1-1,0,966.0,197399.0,5622.0,1000.0,
crane1-1,0,967.0,197399.0,5622.0,1000.0,
crane1-1,0,968.0,197399.0,5622.0,1000.0,
crane1-1,0,969.0,197399.0,5622.0,1000.0,
crane1-1,0,970.0,197399.0,5622.0,1000.0,
crane1-1,0,971.0,197399.0,5622.0,1000.0,
crane1-1,0,972.0,197399.0,5622.0,1000.0,
crane1-1,0,973.0,197399.0,5622.0,1000.0,
crane1-1,0,974.0,197399.0,5622.0,1000.0,
crane1-1,0,975.0,197399.0,5622.0,1000.0,
crane1-1,0,976.0,197399.0,5622.0,1000.0,
crane1-1,0,977.0,197399.0,5622.0,1000.0,
crane1-1,0,978.0,197399.0,5622.0,1000.0,
crane1-1,0,979.0,197399.0,5622.0,1000.0,
crane1-1,0,980.0,197399.0,5622.0,1000.0,
crane1-1,0,981.0,197399.0,5622.0,1000.0,
crane1-1,0,982.0,197399.0,5622.0,1000.0,
crane1-1,0,983.0,197399.0,5622.0,1000.0,
crane1-1,0,984.0,197399.0,5622.0,1000.0,
crane1-1,0,985.0,197399.0,5622.0,1000.0,
crane1-1,0,986.0,197399.0,5622.0,1000.0,
crane1-1,0,987.0,197399.0,5622.0,1000.0,
crane1-1,0,988.0,197399.0,5622.0,1000.0,
crane1-1,0,989.0,197399.0,5622.0,1000.0,
crane1-1,0,990.0,197399.0,5622.0,1000.0,
crane1-1,0,991.0,197399.0,5622.0,1000.0,
crane1-1,0,992.0,197399.0,5622.0,1000.0,
crane1-1,0,993.0,197399.0,5622.0,1000.0,
crane1-1,0,994.0,197399.0,5622.0,1000.0,
crane1-1,0,995.0,197399.0,5622.0,1000.0,
crane1-1,0,996.0,197399.0,5622.0,1000.0,
crane1-1,0,997.0,197399.0,5622.0,1000.0,
crane1-1,0,998.0,197399.0,5622.0,1000.0,
crane1-1,0,999.0,197399.0,5622.0,1000.0,
crane1-1,0,1000.0,197399.0,5622.0,1000.0,
crane1-1,0,1001.0,197399.0,5622.0,1000.0,
crane1-1,0,1002.0,197399.0,5622.0,1000.0,
crane1-1,0,1003.0,197399.0,5622.0,1000.0,
crane1-1,0,1004.0,197399.0,5622.0,1000.0,
crane1-1,0,1005.0,197399.0,5622.0,1000.0,
crane1-1,0,1006.0,198899.0,5622.0,1000.0,
crane1-1,0,1007.0,200399.0,5622.0,1000.0,
crane1-1,0,1008.0,200399.0,5622.0,1000.0,
crane1-1,0,1009.0,200399.0,5622.0,1000.0,
crane1-1,0,1010.0,200399.0,5622.0,1000.0,
crane1-1,0,1011.0,200399.0,5622.0,1000.0,
crane1-1,0,1012.0,200399.0,5622.0,1000.0,
crane1-1,0,1013.0,200399.0,5622.0,1000.0,
crane1-1,0,1014.0,200399.0,5622.0,1000.0,
crane1-1,0,1015.0,200399.0,5622.0,1000.0,
crane1-1,0,1016.0,200399.0,5622.0,1000.0,
crane1-1,0,1017.0,200399.0,5622.0,1000.0,
crane1-1,0,1018.0,200399.0,5622.0,1000.0,
crane1-1,0,1019.0,200399.0,5622.0,1000.0,
crane1-1,0,1020.0,200399.0,5622.0,1000.0,
crane1-1,0,1021.0,200399.0,5622.0,1000.0,
crane1-1,0,1022.0,200399.0,5622.0,1000.0,
crane1-1,0,1023.0,200399.0,5622.0,1000.0,
crane1-1,0,1024.0,200399.0,5622.0,1000.0,
crane1-1,0,1025.0,200399.0,5622.0,1000.0,
crane1-1,0,1026.0,200399.0,5622.0,1000.0,
crane1-1,0,1027.0,200399.0,5622.0,1000.0,
crane1-1,0,1028.0,200399.0,5622.0,1000.0,
crane1-1,0,1029.0,200399.0,5622.0,1000.0,
crane1-1,0,1030.0,200399.0,5622.0,1000.0,
crane1-1,0,1031.0,200399.0,5622.0,1000.0,
crane1-1,0,1032.0,200399.0,5622.0,1000.0,
crane1-1,0,1033.0,200399.0,5622.0,1000.0,
crane1-1,0,1034.0,200399.0,5622.0,1000.0,
crane1-1,0,1035.0,200399.0,5622.0,1000.0,
crane1-1,0,1036.0,200399.0,5622.0,1000.0,
crane1-1,0,1037.0,200399.0,5622.0,1000.0,
crane1-1,0,1038.0,200399.0,5622.0,1000.0,
crane1-1,0,1039.0,200399.0,5622.0,1000.0,
crane1-1,0,1040.0,200399.0,5622.0,1000.0,
crane1-1,0,1041.0,200399.0,5622.0,1000.0,
crane1-1,0,1042.0,200399.0,5622.0,1000.0,
crane1-1,0,1043.0,200399.0,5622.0,1000.0,
crane1-1,0,1044.0,200399.0,5622.0,1000.0,
crane1-1,0,1045.0,200399.0,5622.0,1000.0,
crane1-1,0,1046.0,200399.0,5622.0,1000.0,
crane1-1,0,1047.0,200399.0,5622.0,1000.0,
crane1-1,0,1048.0,200399.0,5622.0,1000.0,
crane1-1,0,1049.0,200399.0,5622.0,1000.0,
crane1-1,0,1050.0,200399.0,5622.0,1000.0,
crane1-1,0,1051.0,200399.0,5622.0,1000.0,
crane1-1,0,1052.0,200399.0,5622.0,1000.0,
crane1-1,0,1053.0,200399.0,5622.0,1000.0,
crane1-1,0,1054.0,200399.0,5622.0,1000.0,
crane1-1,0,1055.0,200399.0,5622.0,1000.0,
crane1-1,0,1056.0,200399.0,5622.0,1000.0,
crane1-1,0,1057.0,200399.0,5622.0,1000.0,
crane1-1,0,1058.0,200399.0,5622.0,1000.0,
crane1-1,0,1059.0,200399.0,5622.0,1000.0,
crane1-1,0,1060.0,200399.0,5622.0,1000.0,
crane1-1,0,1061.0,200399.0,5622.0,1000.0,
crane1-1,0,1062.0,200399.0,5622.0,1000.0,
crane1-1,0,1063.0,200399.0,5622.0,1000.0,
crane1-1,0,1064.0,200399.0,5622.0,1000.0,
crane1-1,0,1065.0,200399.0,5622.0,1000.0,
crane1-1,0,1066.0,200399.0,5622.0,1000.0,
crane1-1,0,1067.0,200399.0,5622.0,1000.0,
crane1-1,0,1068.0,200399.0,5622.0,1000.0,
crane1-1,0,1069.0,200399.0,5622.0,1000.0,
crane1-1,0,1070.0,200399.0,5622.0,1000.0,
crane1-1,0,1071.0,200399.0,5622.0,1000.0,
crane1-1,0,1072.0,200399.0,5622.0,1000.0,
crane1-1,0,1073.0,200399.0,5622.0,1000.0,
crane1-1,0,1074.0,200399.0,5622.0,1000.0,
crane1-1,0,1075.0,200399.0,5622.0,1000.0,
crane1-1,0,1076.0,200399.0,5622.0,1000.0,
crane1-1,0,1077.0,200399.0,5622.0,1000.0,
crane1-1,0,1078.0,200399.0,5622.0,1000.0,
crane1-1,0,1079.0,200399.0,5622.0,1000.0,
crane1-1,0,1080.0,200399.0,5622.0,1000.0,
crane1-1,0,1081.0,200399.0,5622.0,1000.0,
crane1-1,0,1082.0,200399.0,5622.0,1000.0,
crane1-1,0,1083.0,200399.0,5622.0,1000.0,
crane1-1,0,1084.0,200399.0,5622.0,1000.0,
crane1-1,0,1085.0,200399.0,5622.0,1000.0,
crane1-1,0,1086.0,200399.0,5622.0,1000.0,
crane1-1,0,1087.0,200399.0,5622.0,1000.0,
crane1-1,0,1088.0,200399.0,5622.0,1000.0,
crane1-1,0,1089.0,200399.0,5622.0,1000.0,
crane1-1,0,1090.0,200399.0,5622.0,1000.0,
crane1-1,0,1091.0,200399.0,5622.0,1000.0,
crane1-1,0,1092.0,200399.0,5622.0,1000.0,
crane1-1,0,1093.0,200399.0,5622.0,1000.0,
crane1-1,0,1094.0,200399.0,5622.0,1000.0,
crane1-1,0,1095.0,200399.0,5622.0,1000.0,
crane1-1,0,1096.0,200399.0,5622.0,1000.0,
crane1-1,0,1097.0,200399.0,5622.0,1000.0,
crane1-1,0,1098.0,200399.0,5622.0,1000.0,
crane1-1,0,1099.0,200399.0,5622.0,1000.0,
crane1-1,0,1100.0,200399.0,5622.0,1000.0,
crane1-1,0,1101.0,200399.0,5622.0,1000.0,
crane1-1,0,1102.0,200399.0,5622.0,1000.0,
crane1-1,0,1103.0,200399.0,5622.0,1000.0,
crane1-1,0,1104.0,200399.0,5622.0,1000.0,
crane1-1,0,1105.0,200399.0,5622.0,1000.0,
crane1-1,0,1106.0,201899.0,5622.0,1000.0,
crane1-1,0,1107.0,203399.0,5622.0,1000.0,
crane1-1,0,1108.0,204899.0,5622.0,1000.0,
crane1-1,0,1109.0,206399.0,5622.0,1000.0,
crane1-1,0,1110.0,207899.0,5622.0,1000.0,
crane1-1,0,1111.0,209399.0,5622.0,1000.0,
crane1-1,0,1112.0,210899.0,5622.0,1000.0,
crane1-1,0,1113.0,212399.0,5622.0,1000.0,
crane1-1,0,1114.0,213899.0,5622.0,1000.0,
crane1-1,0,1115.0,215399.0,5622.0,1000.0,
crane1-1,0,1116.0,216899.0,5622.0,1000.0,
crane1-1,0,1117.0,218399.0,5622.0,1000.0,
crane1-1,0,1118.0,219899.0,5622.0,1000.0,
crane1-1,0,1119.0,221399.0,5622.0,1000.0,
crane1-1,0,1120.0,222899.0,5622.0,1000.0,
crane1-1,0,1121.0,223399.0,5622.0,1000.0,
crane1-1,0,1122.0,223399.0,5622.0,1000.0,
crane1-1,0,1123.0,223399.0,5622.0,1000.0,
crane1-1,0,1124.0,223399.0,5622.0,1000.0,
crane1-1,0,1125.0,223399.0,5622.0,1000.0,
crane1-1,0,1126.0,223399.0,5622.0,1000.0,
crane1-1,0,1127.0,223399.0,5622.0,1000.0,
crane1-1,0,1128.0,223399.0,5622.0,1000.0,
crane1-1,0,1129.0,223399.0,5622.0,1000.0,
crane1-1,0,1130.0,223399.0,5622.0,1000.0,
crane1-1,0,1131.0,223399.0,5622.0,1000.0,
crane1-1,0,1132.0,223399.0,5622.0,1000.0,
crane1-1,0,1133.0,223399.0,5622.0,1000.0,
crane1-1,0,1134.0,223399.0,5622.0,1000.0,
crane1-1,0,1135.0,223399.0,5622.0,1000.0,
crane1-1,0,1136.0,223399.0,5622.0,1000.0,
crane1-1,0,1137.0,223399.0,5622.0,1000.0,
crane1-1,0,1138.0,223399.0,5622.0,1000.0,
crane1-1,0,1139.0,223399.0,5622.0,1000.0,
crane1-1,0,1140.0,223399.0,5622.0,1000.0,
crane1-1,0,1141.0,223399.0,5622.0,1000.0,
crane1-1,0,1142.0,223399.0,5622.0,1000.0,
crane1-1,0,1143.0,223399.0,5622.0,1000.0,
crane1-1,0,1144.0,223399.0,5622.0,1000.0,
crane1-1,0,1145.0,223399.0,5622.0,1000.0,
crane1-1,0,1146.0,223399.0,5622.0,1000.0,
crane1-1,0,1147.0,223399.0,5622.0,1000.0,
crane1-1,0,1148.0,223399.0,5622.0,1000.0,
crane1-1,0,1149.0,223399.0,5622.0,1000.0,
crane1-1,0,1150.0,223399.0,5622.0,1000.0,
crane1-1,0,1151.0,223399.0,5622.0,1000.0,
crane1-1,0,1152.0,223399.0,5622.0,1000.0,
crane1-1,0,1153.0,223399.0,5622.0,1000.0,
crane1-1,0,1154.0,223399.0,5622.0,1000.0,
crane1-1,0,1155.0,223399.0,5622.0,1000.0,
crane1-1,0,1156.0,223399.0,5622.0,1000.0,
crane1-1,0,1157.0,223399.0,5622.0,1000.0,
crane1-1,0,1158.0,223399.0,5622.0,1000.0,
crane1-1,0,1159.0,223399.0,5622.0,1000.0,
crane1-1,0,1160.0,223399.0,5622.0,1000.0,
crane1-1,0,1161.0,223399.0,5622.0,1000.0,
crane1-1,0,1162.0,223399.0,5622.0,1000.0,
crane1-1,0,1163.0,223399.0,5622.0,1000.0,
crane1-1,0,1164.0,223399.0,5622.0,1000.0,
crane1-1,0,1165.0,223399.0,5622.0,1000.0,
crane1-1,0,1166.0,223399.0,5622.0,1000.0,
crane1-1,0,1167.0,223399.0,5622.0,1000.0,
crane1-1,0,1168.0,223399.0,5622.0,1000.0,
crane1-1,0,1169.0,223399.0,5622.0,1000.0,
crane1-1,0,1170.0,223399.0,5622.0,1000.0,
crane1-1,0,1171.0,223399.0,5622.0,1000.0,
crane1-1,0,1172.0,224899.0,5622.0,1000.0,
crane1-1,0,1173.0,226399.0,5622.0,1000.0,
crane1-1,0,1174.0,227899.0,5622.0,1000.0,
crane1-1,0,1175.0,229399.0,5622.0,1000.0,
crane1-1,0,1176.0,230899.0,5622.0,1000.0,
crane1-1,0,1177.0,232399.0,5622.0,1000.0,
crane1-1,0,1178.0,233899.0,5622.0,1000.0,
crane1-1,0,1179.0,235399.0,5622.0,1000.0,
crane1-1,0,1180.0,236899.0,5622.0,1000.0,
crane1-1,0,1181.0,238399.0,5622.0,1000.0,
crane1-1,0,1182.0,239899.0,5622.0,1000.0,
crane1-1,0,1183.0,240399.0,5622.0,1000.0,
crane1-1,0,1184.0,240399.0,5622.0,1100.0,
crane1-1,0,1185.0,240399.0,5622.0,1200.0,
crane1-1,0,1186.0,240399.0,5622.0,1300.0,
crane1-1,0,1187.0,240399.0,5622.0,1400.0,
crane1-1,0,1188.0,240399.0,5622.0,1500.0,
crane1-1,0,1189.0,240399.0,5622.0,1600.0,
crane1-1,0,1190.0,240399.0,5622.0,1700.0,
crane1-1,0,1191.0,240399.0,5622.0,1800.0,
crane1-1,0,1192.0,240399.0,5622.0,1900.0,
crane1-1,0,1193.0,240399.0,5622.0,2000.0,
crane1-1,0,1194.0,240399.0,5622.0,2100.0,
crane1-1,0,1195.0,240399.0,5622.0,2200.0,
crane1-1,0,1196.0,240399.0,5622.0,2300.0,
crane1-1,0,1197.0,240399.0,5622.0,2400.0,
crane1-1,0,1198.0,240399.0,5622.0,2500.0,
crane1-1,0,1199.0,240399.0,5622.0,2600.0,
crane1-1,0,1200.0,240399.0,5622.0,2700.0,
crane1-1,0,1201.0,240399.0,5622.0,2800.0,
crane1-1,0,1202.0,240399.0,5622.0,2900.0,
crane1-1,0,1203.0,240399.0,5622.0,3000.0,
crane1-1,0,1204.0,240399.0,5622.0,3100.0,
crane1-1,0,1205.0,240399.0,5622.0,3200.0,
crane1-1,0,1206.0,240399.0,5622.0,3300.0,
crane1-1,0,1207.0,240399.0,5622.0,3400.0,
crane1-1,0,1208.0,240399.0,5622.0,3500.0,
crane1-1,0,1209.0,240399.0,5622.0,3600.0,
crane1-1,0,1210.0,240399.0,5622.0,3700.0,
crane1-1,0,1211.0,240399.0,5622.0,3800.0,
crane1-1,0,1212.0,240399.0,5622.0,3900.0,
crane1-1,0,1213.0,240399.0,5622.0,4000.0,
crane1-1,0,1214.0,240399.0,5622.0,4100.0,
crane1-1,0,1215.0,240399.0,5622.0,4200.0,
crane1-1,0,1216.0,240399.0,5622.0,4300.0,
crane1-1,0,1217.0,240399.0,5622.0,4400.0,
crane1-1,0,1218.0,240399.0,5622.0,4500.0,
crane1-1,0,1219.0,240399.0,5622.0,4600.0,
crane1-1,0,1220.0,240399.0,5622.0,4700.0,
crane1-1,0,1221.0,240399.0,5622.0,4800.0,
crane1-1,0,1222.0,240399.0,5622.0,4900.0,
crane1-1,0,1223.0,240399.0,5622.0,5000.0,
crane1-1,0,1224.0,240399.0,5622.0,5100.0,
crane1-1,0,1225.0,240399.0,5622.0,5200.0,
crane1-1,0,1226.0,240399.0,5622.0,5300.0,
crane1-1,0,1227.0,240399.0,5622.0,5400.0,
crane1-1,0,1228.0,240399.0,5622.0,5500.0,
crane1-1,0,1229.0,240399.0,5622.0,5600.0,
crane1-1,0,1230.0,240399.0,5622.0,5700.0,
crane1-1,0,1231.0,240399.0,5622.0,5800.0,
crane1-1,0,1232.0,240399.0,5622.0,5900.0,
crane1-1,0,1233.0,240399.0,5622.0,6000.0,
crane1-1,0,1234.0,238899.0,5822.0,5900.0,
crane1-1,0,1235.0,237399.0,6022.0,5800.0,
crane1-1,0,1236.0,235899.0,6222.0,5700.0,
crane1-1,0,1237.0,234399.0,6422.0,5600.0,
crane1-1,0,1238.0,233399.0,6622.0,5500.0,
crane1-1,0,1239.0,233399.0,6822.0,5400.0,
crane1-1,0,1240.0,233399.0,7022.0,5300.0,
crane1-1,0,1241.0,233399.0,7222.0,5200.0,
crane1-1,0,1242.0,233399.0,7422.0,5100.0,
crane1-1,0,1243.0,233399.0,7622.0,5000.0,
crane1-1,0,1244.0,233399.0,7822.0,4900.0,
crane1-1,0,1245.0,233399.0,8022.0,4800.0,
crane1-1,0,1246.0,233399.0,8222.0,4700.0,
crane1-1,0,1247.0,233399.0,8422.0,4600.0,
crane1-1,0,1248.0,233399.0,8622.0,4500.0,
crane1-1,0,1249.0,233399.0,8822.0,4400.0,
crane1-1,0,1250.0,233399.0,9022.0,4300.0,
crane1-1,0,1251.0,233399.0,9222.0,4200.0,
crane1-1,0,1252.0,233399.0,9422.0,4100.0,
crane1-1,0,1253.0,233399.0,9622.0,4000.0,
crane1-1,0,1254.0,233399.0,9822.0,3900.0,
crane1-1,0,1255.0,233399.0,10022.0,3800.0,
crane1-1,0,1256.0,233399.0,10222.0,3700.0,
crane1-1,0,1257.0,233399.0,10422.0,3600.0,
crane1-1,0,1258.0,233399.0,10622.0,3500.0,
crane1-1,0,1259.0,233399.0,10822.0,3400.0,
crane1-1,0,1260.0,233399.0,11022.0,3300.0,
crane1-1,0,1261.0,233399.0,11222.0,3200.0,
crane1-1,0,1262.0,233399.0,11422.0,3100.0,
crane1-1,0,1263.0,233399.0,11622.0,3000.0,
crane1-1,0,1264.0,233399.0,11822.0,2900.0,
crane1-1,0,1265.0,233399.0,12022.0,2800.0,
crane1-1,0,1266.0,233399.0,12222.0,2700.0,
crane1-1,0,1267.0,233399.0,12422.0,2600.0,
crane1-1,0,1268.0,233399.0,12622.0,2500.0,
crane1-1,0,1269.0,233399.0,12822.0,2400.0,
crane1-1,0,1270.0,233399.0,13022.0,2300.0,
crane1-1,0,1271.0,233399.0,13222.0,2200.0,
crane1-1,0,1272.0,233399.0,13422.0,2100.0,
crane1-1,0,1273.0,233399.0,13622.0,2000.0,
crane1-1,0,1274.0,233399.0,13822.0,1900.0,
crane1-1,0,1275.0,233399.0,14022.0,1800.0,
crane1-1,0,1276.0,233399.0,14222.0,1700.0,
crane1-1,0,1277.0,233399.0,14422.0,1600.0,
crane1-1,0,1278.0,233399.0,14622.0,1500.0,
crane1-1,0,1279.0,233399.0,14822.0,1400.0,
crane1-1,0,1280.0,233399.0,15022.0,1300.0,
crane1-1,0,1281.0,233399.0,15222.0,1200.0,
crane1-1,0,1282.0,233399.0,15422.0,1100.0,
crane1-1,0,1283.0,233399.0,15622.0,1000.0,
crane1-1,0,1284.0,233399.0,15822.0,1000.0,
crane1-1,0,1285.0,233399.0,16022.0,1000.0,
crane1-1,0,1286.0,233399.0,16222.0,1000.0,
crane1-1,0,1287.0,233399.0,16422.0,1000.0,
crane1-1,0,1288.0,233399.0,16622.0,1000.0,
crane1-1,0,1289.0,233399.0,16822.0,1000.0,
crane1-1,0,1290.0,233399.0,17022.0,1000.0,
crane1-1,0,1291.0,233399.0,17222.0,1000.0,
crane1-1,0,1292.0,233399.0,17422.0,1000.0,
crane1-1,0,1293.0,233399.0,17622.0,1000.0,
crane1-1,0,1294.0,233399.0,17822.0,1000.0,
crane1-1,0,1295.0,233399.0,18022.0,1000.0,
crane1-1,0,1296.0,233399.0,18222.0,1000.0,
crane1-1,0,1297.0,233399.0,18422.0,1000.0,
crane1-1,0,1298.0,233399.0,18622.0,1000.0,
crane1-1,0,1299.0,233399.0,18622.0,1100.0,
crane1-1,0,1300.0,233399.0,18622.0,1200.0,
crane1-1,0,1301.0,233399.0,18622.0,1300.0,
crane1-1,0,1302.0,233399.0,18622.0,1400.0,
crane1-1,0,1303.0,233399.0,18622.0,1500.0,
crane1-1,0,1304.0,233399.0,18622.0,1600.0,
crane1-1,0,1305.0,233399.0,18622.0,1700.0,
crane1-1,0,1306.0,233399.0,18622.0,1800.0,
crane1-1,0,1307.0,233399.0,18622.0,1900.0,
crane1-1,0,1308.0,233399.0,18622.0,2000.0,
crane1-1,0,1309.0,233399.0,18622.0,2100.0,
crane1-1,0,1310.0,233399.0,18622.0,2200.0,
crane1-1,0,1311.0,233399.0,18622.0,2300.0,
crane1-1,0,1312.0,233399.0,18622.0,2400.0,
crane1-1,0,1313.0,233399.0,18622.0,2500.0,
crane1-1,0,1314.0,233399.0,18622.0,2600.0,
crane1-1,0,1315.0,233399.0,18622.0,2700.0,
crane1-1,0,1316.0,233399.0,18622.0,2800.0,
crane1-1,0,1317.0,233399.0,18622.0,2900.0,
crane1-1,0,1318.0,233399.0,18622.0,3000.0,
crane1-1,0,1319.0,233399.0,18622.0,3100.0,
crane1-1,0,1320.0,233399.0,18622.0,3200.0,
crane1-1,0,1321.0,233399.0,18622.0,3300.0,
crane1-1,0,1322.0,233399.0,18622.0,3400.0,
crane1-1,0,1323.0,233399.0,18622.0,3500.0,
crane1-1,0,1324.0,233399.0,18622.0,3600.0,
crane1-1,0,1325.0,233399.0,18622.0,3700.0,
crane1-1,0,1326.0,233399.0,18622.0,3800.0,
crane1-1,0,1327.0,233399.0,18622.0,3900.0,
crane1-1,0,1328.0,233399.0,18622.0,4000.0,
crane1-1,0,1329.0,233399.0,18622.0,4100.0,
crane1-1,0,1330.0,233399.0,18622.0,4200.0,
crane1-1,0,1331.0,233399.0,18622.0,4300.0,
crane1-1,0,1332.0,233399.0,18622.0,4400.0,
crane1-1,0,1333.0,233399.0,18622.0,4500.0,
crane1-1,0,1334.0,233399.0,18622.0,4600.0,
crane1-1,0,1335.0,233399.0,18622.0,4700.0,
crane1-1,0,1336.0,233399.0,18622.0,4800.0,
crane1-1,0,1337.0,233399.0,18622.0,4900.0,
crane1-1,0,1338.0,233399.0,18622.0,5000.0,
crane1-1,0,1339.0,233399.0,18622.0,5100.0,
crane1-1,0,1340.0,233399.0,18622.0,5200.0,
crane1-1,0,1341.0,233399.0,18622.0,5300.0,
crane1-1,0,1342.0,233399.0,18622.0,5400.0,
crane1-1,0,1343.0,233399.0,18622.0,5500.0,
crane1-1,0,1344.0,233399.0,18622.0,5600.0,
crane1-1,0,1345.0,233399.0,18622.0,5700.0,
crane1-1,0,1346.0,233399.0,18622.0,5800.0,
crane1-1,0,1347.0,233399.0,18622.0,5900.0,
crane1-1,0,1348.0,233399.0,18622.0,6000.0,
crane1-1,-1,1349.0,231899.0,18622.0,6000.0,
crane1-1,-1,1350.0,230399.0,18622.0,6000.0,
crane1-1,-1,1351.0,228899.0,18622.0,6000.0,
crane1-1,-1,1352.0,227399.0,18622.0,6000.0,
crane1-1,-1,1353.0,225899.0,18622.0,6000.0,
crane1-1,-1,1354.0,224399.0,18622.0,6000.0,
crane1-1,-1,1355.0,222899.0,18622.0,6000.0,
crane1-1,-1,1356.0,221399.0,18622.0,6000.0,
crane1-1,-1,1357.0,219899.0,18622.0,6000.0,
crane1-1,-1,1358.0,218399.0,18622.0,6000.0,
crane1-1,-1,1359.0,216899.0,18622.0,6000.0,
crane1-1,-1,1360.0,215399.0,18622.0,6000.0,
crane1-1,-1,1361.0,213899.0,18622.0,6000.0,
crane1-1,-1,1362.0,212399.0,18622.0,6000.0,
crane1-1,-1,1363.0,210899.0,18622.0,6000.0,
crane1-1,-1,1364.0,209399.0,18622.0,6000.0,
crane1-1,-1,1365.0,207899.0,18622.0,6000.0,
crane1-1,-1,1366.0,206399.0,18622.0,6000.0,
crane1-1,-1,1367.0,204899.0,18622.0,6000.0,
crane1-1,-1,1368.0,203399.0,18622.0,6000.0,
crane1-1,-1,1369.0,201899.0,18622.0,6000.0,
crane1-1,-1,1370.0,200399.0,18622.0,6000.0,
crane1-1,-1,1371.0,200399.0,18622.0,6000.0,
crane1-1,-1,1372.0,200399.0,18622.0,6000.0,
crane1-1,-1,1373.0,200399.0,18622.0,6000.0,
crane1-1,-1,1374.0,200399.0,18622.0,6000.0,
crane1-1,-1,1375.0,200399.0,18622.0,6000.0,
crane1-1,-1,1376.0,200399.0,18622.0,6000.0,
crane1-1,-1,1377.0,200399.0,18622.0,6000.0,
crane1-1,-1,1378.0,200399.0,18622.0,6000.0,
crane1-1,-1,1379.0,200399.0,18622.0,6000.0,
crane1-1,-1,1380.0,200399.0,18622.0,6000.0,
crane1-1,-1,1381.0,200399.0,18622.0,6000.0,
crane1-1,-1,1382.0,200399.0,18622.0,6000.0,
crane1-1,-1,1383.0,200399.0,18622.0,6000.0,
crane1-1,-1,1384.0,200399.0,18622.0,6000.0,
crane1-1,-1,1385.0,200399.0,18622.0,6000.0,
crane1-1,-1,1386.0,200399.0,18622.0,6000.0,
crane1-1,-1,1387.0,200399.0,18622.0,6000.0,
crane1-1,-1,1388.0,200399.0,18622.0,6000.0,
crane1-1,-1,1389.0,200399.0,18622.0,6000.0,
crane1-1,-1,1390.0,200399.0,18622.0,6000.0,
crane1-1,-1,1391.0,200399.0,18622.0,6000.0,
crane1-1,-1,1392.0,200399.0,18622.0,6000.0,
crane1-1,-1,1393.0,200399.0,18622.0,6000.0,
crane1-1,-1,1394.0,200399.0,18622.0,6000.0,
crane1-1,-1,1395.0,200399.0,18622.0,6000.0,
crane1-1,-1,1396.0,200399.0,18622.0,6000.0,
crane1-1,-1,1397.0,200399.0,18622.0,6000.0,
crane1-1,-1,1398.0,200399.0,18622.0,6000.0,
crane1-1,-1,1399.0,200399.0,18622.0,6000.0,
crane1-1,-1,1400.0,200399.0,18622.0,6000.0,
crane1-1,-1,1401.0,200399.0,18622.0,6000.0,
crane1-1,-1,1402.0,200399.0,18622.0,6000.0,
crane1-1,-1,1403.0,200399.0,18622.0,6000.0,
crane1-1,-1,1404.0,200399.0,18622.0,6000.0,
crane1-1,-1,1405.0,200399.0,18622.0,6000.0,
crane1-1,-1,1406.0,200399.0,18622.0,6000.0,
crane1-1,-1,1407.0,200399.0,18622.0,6000.0,
crane1-1,-1,1408.0,200399.0,18622.0,6000.0,
crane1-1,-1,1409.0,200399.0,18622.0,6000.0,
crane1-1,-1,1410.0,200399.0,18622.0,6000.0,
crane1-1,-1,1411.0,200399.0,18622.0,6000.0,
crane1-1,-1,1412.0,200399.0,18622.0,6000.0,
crane1-1,-1,1413.0,200399.0,18622.0,6000.0,
crane1-1,-1,1414.0,200399.0,18622.0,6000.0,
crane1-1,-1,1415.0,200399.0,18622.0,6000.0,
crane1-1,-1,1416.0,200399.0,18622.0,6000.0,
crane1-1,-1,1417.0,200399.0,18622.0,6000.0,
crane1-1,-1,1418.0,200399.0,18622.0,6000.0,
crane1-1,-1,1419.0,200399.0,18622.0,6000.0,
crane1-1,-1,1420.0,200399.0,18622.0,6000.0,
crane1-1,-1,1421.0,198899.0,18622.0,6000.0,
crane1-1,-1,1422.0,197399.0,18622.0,6000.0,
crane1-1,-1,1423.0,195899.0,18622.0,6000.0,
crane1-1,-1,1424.0,194399.0,18622.0,6000.0,
crane1-1,-1,1425.0,192899.0,18622.0,6000.0,
crane1-1,-1,1426.0,191399.0,18622.0,6000.0,
crane1-1,-1,1427.0,189899.0,18622.0,6000.0,
crane1-1,-1,1428.0,188399.0,18622.0,6000.0,
crane1-1,-1,1429.0,186899.0,18622.0,6000.0,
crane1-1,-1,1430.0,185399.0,18622.0,6000.0,
crane1-1,-1,1431.0,183899.0,18622.0,6000.0,
crane1-1,-1,1432.0,182399.0,18622.0,6000.0,
crane1-1,-1,1433.0,180899.0,18622.0,6000.0,
crane1-1,-1,1434.0,179399.0,18622.0,6000.0,
crane1-1,-1,1435.0,177899.0,18622.0,6000.0,
crane1-1,-1,1436.0,176399.0,18622.0,6000.0,
crane1-1,-1,1437.0,175399.0,18622.0,6000.0,
crane1-1,-1,1438.0,175399.0,18622.0,6000.0,
crane1-1,-1,1439.0,175399.0,18622.0,6000.0,
crane1-1,-1,1440.0,175399.0,18622.0,6000.0,
crane1-1,-1,1441.0,175399.0,18622.0,6000.0,
crane1-1,-1,1442.0,175399.0,18622.0,6000.0,
crane1-1,-1,1443.0,175399.0,18622.0,6000.0,
crane1-1,-1,1444.0,175399.0,18622.0,6000.0,
crane1-1,-1,1445.0,175399.0,18622.0,6000.0,
crane1-1,-1,1446.0,175399.0,18622.0,6000.0,
crane1-1,-1,1447.0,175399.0,18622.0,6000.0,
crane1-1,-1,1448.0,175399.0,18622.0,6000.0,
crane1-1,-1,1449.0,175399.0,18622.0,6000.0,
crane1-1,-1,1450.0,175399.0,18622.0,6000.0,
crane1-1,-1,1451.0,175399.0,18622.0,6000.0,
crane1-1,-1,1452.0,175399.0,18622.0,6000.0,
crane1-1,-1,1453.0,175399.0,18622.0,6000.0,
crane1-1,-1,1454.0,175399.0,18622.0,6000.0,
crane1-1,-1,1455.0,175399.0,18622.0,6000.0,
crane1-1,-1,1456.0,175399.0,18622.0,6000.0,
crane1-1,-1,1457.0,175399.0,18622.0,6000.0,
crane1-1,-1,1458.0,175399.0,18622.0,6000.0,
crane1-1,-1,1459.0,175399.0,18622.0,6000.0,
crane1-1,-1,1460.0,175399.0,18622.0,6000.0,
crane1-1,-1,1461.0,175399.0,18622.0,6000.0,
crane1-1,-1,1462.0,175399.0,18622.0,6000.0,
crane1-1,-1,1463.0,175399.0,18622.0,6000.0,
crane1-1,-1,1464.0,175399.0,18622.0,6000.0,
crane1-1,-1,1465.0,175399.0,18622.0,6000.0,
crane1-1,-1,1466.0,175399.0,18622.0,6000.0,
crane1-1,-1,1467.0,175399.0,18622.0,6000.0,
crane1-1,-1,1468.0,175399.0,18622.0,6000.0,
crane1-1,-1,1469.0,175399.0,18622.0,6000.0,
crane1-1,-1,1470.0,175399.0,18622.0,6000.0,
crane1-1,-1,1471.0,175399.0,18622.0,6000.0,
crane1-1,-1,1472.0,175399.0,18622.0,6000.0,
crane1-1,-1,1473.0,175399.0,18622.0,6000.0,
crane1-1,-1,1474.0,175399.0,18622.0,6000.0,
crane1-1,-1,1475.0,175399.0,18622.0,6000.0,
crane1-1,-1,1476.0,175399.0,18622.0,6000.0,
crane1-1,-1,1477.0,175399.0,18622.0,6000.0,
crane1-1,-1,1478.0,175399.0,18622.0,6000.0,
crane1-1,-1,1479.0,175399.0,18622.0,6000.0,
crane1-1,-1,1480.0,175399.0,18622.0,6000.0,
crane1-1,-1,1481.0,175399.0,18622.0,6000.0,
crane1-1,-1,1482.0,175399.0,18622.0,6000.0,
crane1-1,-1,1483.0,175399.0,18622.0,6000.0,
crane1-1,-1,1484.0,175399.0,18622.0,6000.0,
crane1-1,-1,1485.0,175399.0,18622.0,6000.0,
crane1-1,-1,1486.0,175399.0,18622.0,6000.0,
crane1-1,-1,1487.0,175399.0,18622.0,6000.0,
